Workbook
Name _GoBack: 'I1'!$C$50
Name _GoBack: 'I2'!$C$50
Name OLE_LINK1: 'IAT-1'!$A$14
Name OLE_LINK5: 'I1'!$B$15
Name OLE_LINK5: 'I2'!$B$15

Sheet BL-1
A1: JAYARAJ ANNAPACKIAM C. S. I. COLLEGE OF ENGINEERING | M1: FORM NO.: F02
A2: (Approved by AICTE, New Delhi and Affiliated to Anna University)
A3: MARGOSCHIS NAGAR, NAZARETH - 628 617
A4: DEPARTMENT OF ARTIFICIAL INTELLIGENCE AND DATA SCIENCE
A5: QUESTION PAPER CO / BT MAPPING
A6: CONTINUOUS ASSESSMENT TEST - I
A8: COURSE CODE / NAME: CW3551 DATA AND INFORMATION SECURITY | I8: BATCH: 2023-2027 | M8: SEM:05
A9: COURSE INSTRUCTOR/DESIGNATION: G. ALISHA EVANGELINE,AP/ADS | I9: CLASS : III ADS | M9: DATE: | N9: 20/09/2025 | O9: TIME: | P9: 11:30-1.00
A11: COURSE OUTCOMES:
A12: CO 1 | B12: Understand the basics of data and information security
A13: CO 2 | B13: Understand the legal, ethical and professional issues in information security
A14: CO 3 | B14: Understand the various authentication schemes to simulate different applications
A15: CO 4 | B15: Understand various security practices and system security standards
A16: CO 5 | B16: Understand the web security protocols for E-commerce applications
B18: CO SEM / SUB / .NO | C18: PART - A (5 X 2 = 10) | H18: PART - B (4 X 10 = 40) | M18: TOTAL MARKS (50) | N18: TOTAL %
C19: 1 | D19: 2 | E19: 3 | F19: 4 | G19: 5 | H19: 6 | I19: 7 | J19: 8 | K19: 9 | L19: 10
A20: COURSE OUTCOMES | B20: =A12 -> CO 1 | C20: ü | D20: ü | H20: ü | L20: ü | M20: =COUNTIF(C20:G20,"*")*2+COUNTIF(H20:K20,"*")*7+COUNTIF(L20,"*")*12 -> 23 | N20: =ROUND(M20/50*100,1) -> 46
B21: =A13 -> CO 2 | E21: ü | F21: ü | I21: ü | J21: ü | M21: =COUNTIF(C21:G21,"*")*2+COUNTIF(H21:K21,"*")*7+COUNTIF(L21,"*")*12 -> 18 | N21: =ROUND(M21/50*100,1) -> 36
B22: =A14 -> CO 3 | G22: ü | K22: ü | M22: =COUNTIF(C22:G22,"*")*2+COUNTIF(H22:K22,"*")*7+COUNTIF(L22,"*")*12 -> 9 | N22: =ROUND(M22/50*100,1) -> 18
B23: =A15 -> CO 4 | M23: =COUNTIF(C23:G23,"*")*2+COUNTIF(H23:K23,"*")*7+COUNTIF(L23,"*")*12 -> 0 | N23: =ROUND(M23/50*100,1) -> 0
B24: =A16 -> CO 5 | M24: =COUNTIF(C24:G24,"*")*2+COUNTIF(H24:K24,"*")*7+COUNTIF(L24,"*")*12 -> 0 | N24: =ROUND(M24/50*100,1) -> 0
A25: BLOOM'S TAXONOMY | B25: REMEMBER | E25: ü | M25: =COUNTIF(C25:G25,"*")*2+COUNTIF(H25:K25,"*")*7+COUNTIF(L25,"*")*12 -> 2 | N25: =ROUND(M25/50*100,1) -> 4
B26: UNDERSTAND | C26: ü | D26: ü | F26: ü | G26: ü | H26: ü | I26: ü | J26: ü | K26: ü | L26: ü | M26: =COUNTIF(C26:G26,"*")*2+COUNTIF(H26:K26,"*")*7+COUNTIF(L26,"*")*12 -> 48 | N26: =ROUND(M26/50*100,1) -> 96
B27: APPLY | M27: =COUNTIF(C27:G27,"*")*2+COUNTIF(H27:K27,"*")*7+COUNTIF(L27,"*")*12 -> 0 | N27: =ROUND(M27/50*100,1) -> 0
B28: ANALYZE | J28: ü | M28: =COUNTIF(C28:G28,"*")*2+COUNTIF(H28:K28,"*")*7+COUNTIF(L28,"*")*12 -> 7 | N28: =ROUND(M28/50*100,1) -> 14
B29: EVALUATE | M29: =COUNTIF(C29:G29,"*")*2+COUNTIF(H29:K29,"*")*7+COUNTIF(L29,"*")*12 -> 0 | N29: =ROUND(M29/50*100,1) -> 0
B30: CREATE | H30: ü | L30: ü | M30: =COUNTIF(C30:G30,"*")*2+COUNTIF(H30:K30,"*")*7+COUNTIF(L30,"*")*12 -> 19 | N30: =ROUND(M30/50*100,1) -> 38
A31: DATE OF EXAM | M31: 20/09/2025
A32: COURSE INCHARGE
A33: HOD
A34: PRINCIPAL
B39: Blooms Level | C39: key words
B40: REMEMBER | C40: Define, List, Statementn, Find, Locate.
B41: UNDERSTAND | C41: What, How, Classify, Describe, Discuss, Explain, Identify, Select, Outline.
B42: APPLY | C42: Execute, Implement, Solve, Use, Interpret, Demonstrate, Sketch, Illustrate, Complete, Draw, Apply, Calculate.
B43: ANALYZE | C43: Differentiate, Compare, Contrast, Distinguish, Examine, Test, Organize, Identify, Categorize.
B44: EVALUATE | C44: Justify, Judge, Appraise, Defend, Argue, Valuate, Prioritize, Criticize.
B45: CREATE | C45: Construct, Design, Assemble, Format, Investigate, Develop, Formulate, Create, Imagine, Produce, Invent, Plan, Build.

Sheet BL-2
A1: ='BL-1'!A1:L1 -> JAYARAJ ANNAPACKIAM C. S. I. COLLEGE OF ENGINEERING | M1: FORM NO.: F02
A2: ='BL-1'!A2:L2 -> (Approved by AICTE, New Delhi and Affiliated to Anna University)
A3: ='BL-1'!A3:L3 -> MARGOSCHIS NAGAR, NAZARETH - 628 617
A4: ='BL-1'!A4:L4 -> DEPARTMENT OF ARTIFICIAL INTELLIGENCE AND DATA SCIENCE
A5: ='BL-1'!A5:L5 -> QUESTION PAPER CO / BT MAPPING
A6: CONTINUOUS ASSESSMENT TEST - II
A8: ='BL-1'!A8:H8 -> COURSE CODE / NAME: CW3551 DATA AND INFORMATION SECURITY | I8: ='BL-1'!I8 -> BATCH: 2023-2027 | M8: ='BL-1'!M8 -> SEM:05
A9: ='BL-1'!A9:H9 -> COURSE INSTRUCTOR/DESIGNATION: G. ALISHA EVANGELINE,AP/ADS | I9: ='BL-1'!I9 -> CLASS : III ADS | M9: ='BL-1'!M9 -> DATE: | N9: 45758 | O9: ='BL-1'!O9 -> TIME: | P9: 11:15-12:45
A11: COURSE OUTCOMES:
A12: ='BL-1'!A12 -> CO 1 | B12: ='BL-1'!B12 -> Understand the basics of data and information security
A13: ='BL-1'!A13 -> CO 2 | B13: ='BL-1'!B13 -> Understand the legal, ethical and professional issues in information security
A14: ='BL-1'!A14 -> CO 3 | B14: ='BL-1'!B14 -> Understand the various authentication schemes to simulate different applications
A15: ='BL-1'!A15 -> CO 4 | B15: ='BL-1'!B15 -> Understand various security practices and system security standards
A16: ='BL-1'!A16 -> CO 5 | B16: ='BL-1'!B16 -> Understand the web security protocols for E-commerce applications
B18: CO SEM / SUB / . NO. | C18: PART - A (5 X 2 = 10) | H18: PART - B (4 X 10 = 40) | M18: TOTAL MARKS (50) | N18: TOTAL %
C19: 1 | D19: 2 | E19: 3 | F19: 4 | G19: 5 | H19: 6 | I19: 7 | J19: 8 | K19: 9 | L19: 10
A20: COURSE OUTCOMES | B20: =A12 -> CO 1 | M20: =COUNTIF(C20:G20,"*")*2+COUNTIF(H20:K20,"*")*7+COUNTIF(L20,)*12 -> 0 | N20: =ROUND(M20/50*100,1) -> 0
B21: =A13 -> CO 2 | M21: =COUNTIF(C21:G21,"*")*2+COUNTIF(H21:K21,"*")*7+COUNTIF(L21,)*12 -> 0 | N21: =ROUND(M21/50*100,1) -> 0
B22: =A14 -> CO 3 | C22: ü | H22: ü | M22: =COUNTIF(C22:G22,"*")*2+COUNTIF(H22:K22,"*")*7+COUNTIF(L22,"*")*12 -> 9 | N22: =ROUND(M22/50*100,1) -> 18
B23: =A15 -> CO 4 | D23: ü | E23: ü | I23: ü | J23: ü | M23: =COUNTIF(C23:G23,"*")*2+COUNTIF(H23:K23,"*")*7+COUNTIF(L23,"*")*12 -> 18 | N23: =ROUND(M23/50*100,1) -> 36
B24: =A16 -> CO 5 | F24: ü | G24: ü | K24: ü | L24: ü | M24: =COUNTIF(C24:G24,"*")*2+COUNTIF(H24:K24,"*")*7+COUNTIF(L24,"*")*12 -> 23 | N24: =ROUND(M24/50*100,1) -> 46
A25: BLOOM'S TAXONOMY | B25: REMEMBER | E25: ü | M25: =COUNTIF(C25:G25,"*")*2+COUNTIF(H25:K25,"*")*7+COUNTIF(L25,"*")*12 -> 2 | N25: =ROUND(M25/50*100,1) -> 4
B26: UNDERSTAND | C26: ü | F26: ü | G26: ü | H26: ü | I26: ü | K26: ü | M26: =COUNTIF(C26:G26,"*")*2+COUNTIF(H26:K26,"*")*7+COUNTIF(L26,"*")*12 -> 27 | N26: =ROUND(M26/50*100,1) -> 54
B27: APPLY | M27: =COUNTIF(C27:G27,"*")*2+COUNTIF(H27:K27,"*")*7+COUNTIF(L27,"*")*12 -> 0 | N27: =ROUND(M27/50*100,1) -> 0
B28: ANALYZE | D28: ü | J28: ü | M28: =COUNTIF(C28:G28,"*")*2+COUNTIF(H28:K28,"*")*7+COUNTIF(L28,"*")*12 -> 9 | N28: =ROUND(M28/50*100,1) -> 18
B29: EVALUATE | M29: =COUNTIF(C29:G29,"*")*2+COUNTIF(H29:K29,"*")*7+COUNTIF(L29,"*")*12 -> 0 | N29: =ROUND(M29/50*100,1) -> 0
B30: CREATE | L30: ü | M30: =COUNTIF(C30:G30,"*")*2+COUNTIF(H30:K30,"*")*7+COUNTIF(L30,"*")*12 -> 12 | N30: =ROUND(M30/50*100,1) -> 24
A31: DATE OF EXAM | M31: 45758
A32: COURSE INCHARGE
A33: HOD
A34: PRINCIPAL
B43: Blooms Level | C43: key words
B44: REMEMBER | C44: Define, List, Statementn, Find, Locate.
B45: UNDERSTAND | C45: What, How, Classify, Describe, Discuss, Explain, Identify, Select, Outline.
B46: APPLY | C46: Execute, Implement, Solve, Use, Interpret, Demonstrate, Sketch, Illustrate, Complete, Draw, Apply, Calculate.
B47: ANALYZE | C47: Differentiate, Compare, Contrast, Distinguish, Examine, Test, Organize, Identify, Categorize.
B48: EVALUATE | C48: Justify, Judge, Appraise, Defend, Argue, Valuate, Prioritize, Criticize.
B49: CREATE | C49: Construct, Design, Assemble, Format, Investigate, Develop, Formulate, Create, Imagine, Produce, Invent, Plan, Build.

Sheet BL-3
A1: ='BL-1'!A1:L1 -> JAYARAJ ANNAPACKIAM C. S. I. COLLEGE OF ENGINEERING | M1: FORM NO.: F02
A2: ='BL-1'!A2:L2 -> (Approved by AICTE, New Delhi and Affiliated to Anna University)
A3: ='BL-1'!A3:L3 -> MARGOSCHIS NAGAR, NAZARETH - 628 617
A4: ='BL-1'!A4:L4 -> DEPARTMENT OF ARTIFICIAL INTELLIGENCE AND DATA SCIENCE
A5: ='BL-1'!A5:L5 -> QUESTION PAPER CO / BT MAPPING
A6: INTERNAL ASSESSMENT TEST - III
A8: ='BL-1'!A8:H8 -> COURSE CODE / NAME: CW3551 DATA AND INFORMATION SECURITY | I8: ='BL-1'!I8 -> BATCH: 2023-2027 | M8: ='BL-1'!M8 -> SEM:05
A9: ='BL-1'!A9:H9 -> COURSE INSTRUCTOR/DESIGNATION: G. ALISHA EVANGELINE,AP/ADS | I9: ='BL-1'!I9 -> CLASS : III ADS | M9: DATE: | O9: TIME: | P9: ='BL-1'!P9 -> 11:30-1.00
A11: COURSE OUTCOMES:
A12: ='BL-1'!A12 -> CO 1 | B12: ='BL-1'!B12 -> Understand the basics of data and information security
A13: ='BL-1'!A13 -> CO 2 | B13: ='BL-1'!B13 -> Understand the legal, ethical and professional issues in information security
A14: ='BL-1'!A14 -> CO 3 | B14: ='BL-1'!B14 -> Understand the various authentication schemes to simulate different applications
A15: ='BL-1'!A15 -> CO 4 | B15: ='BL-1'!B15 -> Understand various security practices and system security standards
A16: ='BL-1'!A16 -> CO 5 | B16: ='BL-1'!B16 -> Understand the web security protocols for E-commerce applications
B18: CO SEM / SUB / .NO | C18: PART - A (5 X 2 = 10) | H18: PART - B (4 X 10 = 40) | M18: TOTAL MARKS (50) | N18: TOTAL %
C19: 1 | D19: 2 | E19: 3 | F19: 4 | G19: 5 | H19: 6 | I19: 7 | J19: 8 | K19: 9 | L19: 10
A20: COURSE OUTCOMES | B20: =A12 -> CO 1 | M20: =COUNTIF(C20:G20,"*")*2+COUNTIF(H20:L20,"*")*8 -> 0 | N20: =ROUND(M20/50*100,1) -> 0
B21: =A13 -> CO 2 | M21: =COUNTIF(C21:G21,"*")*2+COUNTIF(H21:L21,"*")*8 -> 0 | N21: =ROUND(M21/50*100,1) -> 0
B22: =A14 -> CO 3 | M22: =COUNTIF(C22:G22,"*")*2+COUNTIF(H22:L22,"*")*8 -> 0 | N22: =ROUND(M22/50*100,1) -> 0
B23: =A15 -> CO 4 | M23: =COUNTIF(C23:G23,"*")*2+COUNTIF(H23:L23,"*")*8 -> 0 | N23: =ROUND(M23/50*100,1) -> 0
B24: =A16 -> CO 5 | M24: =COUNTIF(C24:G24,"*")*2+COUNTIF(H24:L24,"*")*8 -> 0 | N24: =ROUND(M24/50*100,1) -> 0
A25: BLOOM'S TAXONOMY | B25: REMEMBER | M25: =COUNTIF(C25:G25,"*")*2+COUNTIF(H25:L25,"*")*8 -> 0 | N25: =ROUND(M25/50*100,1) -> 0
B26: UNDERSTAND | M26: =COUNTIF(C26:G26,"*")*2+COUNTIF(H26:L26,"*")*8 -> 0 | N26: =ROUND(M26/50*100,1) -> 0
B27: APPLY | M27: =COUNTIF(C27:G27,"*")*2+COUNTIF(H27:L27,"*")*8 -> 0 | N27: =ROUND(M27/50*100,1) -> 0
B28: ANALYZE | M28: =COUNTIF(C28:G28,"*")*2+COUNTIF(H28:L28,"*")*8 -> 0 | N28: =ROUND(M28/50*100,1) -> 0
B29: EVALUATE | M29: =COUNTIF(C29:G29,"*")*2+COUNTIF(H29:L29,"*")*8 -> 0 | N29: =ROUND(M29/50*100,1) -> 0
B30: CREATE | M30: =COUNTIF(C30:G30,"*")*2+COUNTIF(H30:L30,"*")*8 -> 0 | N30: =ROUND(M30/50*100,1) -> 0
A31: DATE OF EXAM | M31: 45246
A32: COURSE INCHARGE
A33: HOD
A34: PRINCIPAL
B62: Blooms Level | C62: key words
B63: REMEMBER | C63: Define, List, Statementn, Find, Locate.
B64: UNDERSTAND | C64: What, How, Classify, Describe, Discuss, Explain, Identify, Select, Outline.
B65: APPLY | C65: Execute, Implement, Solve, Use, Interpret, Demonstrate, Sketch, Illustrate, Complete, Draw, Apply, Calculate.
B66: ANALYZE | C66: Differentiate, Compare, Contrast, Distinguish, Examine, Test, Organize, Identify, Categorize.
B67: EVALUATE | C67: Justify, Judge, Appraise, Defend, Argue, Valuate, Prioritize, Criticize.
B68: CREATE | C68: Construct, Design, Assemble, Format, Investigate, Develop, Formulate, Create, Imagine, Produce, Invent, Plan, Build.

Sheet I1
A2: ='BL-1'!A1:L1 -> JAYARAJ ANNAPACKIAM C. S. I. COLLEGE OF ENGINEERING
A3: ='BL-1'!A2:L2 -> (Approved by AICTE, New Delhi and Affiliated to Anna University)
A4: ='BL-1'!A3:L3 -> MARGOSCHIS NAGAR, NAZARETH - 628 617
A6: ='BL-1'!A4:L4 -> DEPARTMENT OF ARTIFICIAL INTELLIGENCE AND DATA SCIENCE
A7: MARK LIST
A8: CONTINUOUS ASSESSMENT TEST - I
A10: ='BL-1'!A8:H8 -> COURSE CODE / NAME: CW3551 DATA AND INFORMATION SECURITY | L10: BATCH: | N10: 2023-27 | S10: SEM: | T10: 5
A11: ='BL-1'!A9:H9 -> COURSE INSTRUCTOR/DESIGNATION: G. ALISHA EVANGELINE,AP/ADS | L11: CLASS : | N11: III ADS
A13: Sl. No. | B13: Register No. | C13: Name of the Student | D13: PART - A ( 5 X 2 = 10) | I13: PART - B (8 X 5 = 40) | S13: Total (50) | T13: Total (100)
D14: 1 | E14: 2 | F14: 3 | G14: 4 | H14: 5 | I14: 6a | J14: 6b | K14: 7a | L14: 7b | M14: 8a | N14: 8b | O14: 9a | P14: 9b | Q14: 10a | R14: 10b
A15: 1 | B15: 951323243001 | C15: ABINAYA S | D15: 2 | E15: 2 | F15: 2 | G15: 2 | H15: 1 | I15: 7 | L15: 6 | M15: 5 | Q15: 12 | S15: 39 | T15: 78
A16: 2 | B16: 951323243002 | C16: ABISHEK S | D16: 2 | E16: 2 | F16: 2 | G16: 2 | H16: 1 | L16: 5 | P16: 7 | Q16: 12 | S16: 33 | T16: 66
A17: 3 | B17: 951323243003 | C17: AJEETHA S | D17: 2 | E17: 2 | F17: 2 | G17: 2 | H17: 2 | J17: 5 | L17: 7 | N17: 7 | P17: 7 | Q17: 12 | S17: 48 | T17: 96
A18: 4 | B18: 951323243004 | C18: AJIM FAYAZ K M S
A19: 5 | B19: 951323243005 | C19: ALPHONES CRUZ NAVEEN J | D19: 1 | H19: 0 | Q19: 2 | S19: 3 | T19: 6
A20: 6 | B20: 951323243006 | C20: ANGEL AGNES D | D20: 2 | E20: 2 | F20: 2 | G20: 2 | H20: 1 | J20: 5 | L20: 7 | M20: 7 | O20: 5 | Q20: 12 | S20: 44 | T20: 88
A21: 7 | B21: 951323243007 | C21: ANUSHA P | D21: 2 | E21: 2 | F21: 2 | G21: 2 | H21: 2 | I21: 7 | L21: 7 | M21: 7 | O21: 7 | Q21: 12 | S21: 50 | T21: 100
A22: 8 | B22: 951323243008 | C22: ARIBA M | D22: 2 | E22: 1 | F22: 2 | G22: 2 | H22: 1 | I22: 1 | L22: 7 | M22: 7 | P22: 7 | Q22: 12 | S22: 42 | T22: 84
A23: 9 | B23: 951323243009 | C23: BALADHARSHINI S | D23: 1 | E23: 1 | F23: 2 | G23: 1 | H23: 1 | I23: 7 | K23: 6 | M23: 3 | P23: 7 | R23: 12 | S23: 41 | T23: 82
A24: 10 | B24: 951323243010 | C24: BALASANKAR AYYAPPAN M | D24: 2 | E24: 2 | F24: 2 | G24: 2 | H24: 1 | J24: 6 | L24: 7 | N24: 2 | O24: 7 | Q24: 12 | S24: 43 | T24: 86
A25: 11 | B25: 951323243011 | C25: BALA SRI RAM G | E25: 1 | F25: 2 | H25: 0 | S25: 3 | T25: 6
A26: 12 | B26: 951323243012 | C26: BENJAMINE FRANKLIN C | D26: 2 | E26: 2 | F26: 2 | G26: 2 | H26: 2 | L26: 7 | P26: 7 | Q26: 12 | S26: 36 | T26: 72
A27: 13 | B27: 951323243013 | C27: CATHRINE R | D27: 2 | E27: 2 | F27: 2 | G27: 2 | H27: 2 | I27: 7 | K27: 7 | M27: 7 | P27: 6 | R27: 11 | S27: 48 | T27: 96
A28: 14 | B28: 951323243014 | C28: CHENGALESWARI K | D28: 1 | E28: 2 | F28: 2 | G28: 2 | H28: 1 | L28: 7 | N28: 7 | P28: 7 | Q28: 12 | S28: 41 | T28: 82
A29: 15 | B29: 951323243015 | C29: DEVI L | D29: 1 | E29: 1 | F29: 2 | G29: 2 | H29: 2 | I29: 1 | K29: 6 | M29: 7 | O29: 6 | Q29: 11 | S29: 39 | T29: 78
A30: 16 | B30: 951323243016 | C30: DHARUN S | D30: 1 | E30: 1 | F30: 2 | G30: 1 | H30: 1 | L30: 3 | P30: 5 | Q30: 11 | S30: 25 | T30: 50
A31: 17 | B31: 951323243017 | C31: EAKANTHALINGAM R | D31: 1 | E31: 2 | F31: 2 | G31: 1 | H31: 2 | J31: 1 | L31: 4 | N31: 6 | O31: 6 | Q31: 7 | S31: 32 | T31: 64
A32: 18 | B32: 951323243018 | C32: EFRIN THANASEKARAN J | D32: 2 | E32: 2 | F32: 2 | G32: 2 | H32: 2 | I32: 7 | L32: 7 | N32: 7 | P32: 7 | Q32: 6 | S32: 44 | T32: 88
A33: 19 | B33: 951323243019 | C33: GAYATHRI M | D33: 2 | E33: 2 | F33: 2 | G33: 2 | H33: 1 | I33: 5 | K33: 7 | M33: 7 | P33: 5 | R33: 10 | S33: 43 | T33: 86
A34: 20 | B34: 951323243020 | C34: GOKILA G | D34: 2 | E34: 2 | F34: 2 | G34: 2 | H34: 2 | I34: 7 | L34: 5 | N34: 7 | P34: 7 | Q34: 12 | S34: 48 | T34: 96
A35: 21 | B35: 951323243021 | C35: GOWRI KRISHNAVENI N | D35: 2 | E35: 2 | F35: 2 | G35: 2 | H35: 2 | I35: 7 | L35: 7 | M35: 7 | O35: 7 | Q35: 12 | S35: 50 | T35: 100
A36: 22 | B36: 951323243022 | C36: HEART BRIGHT MERCY S | D36: 2 | E36: 2 | F36: 2 | G36: 2 | H36: 1 | J36: 5 | L36: 1 | M36: 6 | P36: 7 | R36: 12 | S36: 40 | T36: 80
A37: 23 | B37: 951323243023 | C37: INFANT EBINESH R
A38: 24 | B38: 951323243024 | C38: JAI SURYA N | D38: 1 | E38: 1 | F38: 2 | G38: 1 | H38: 1 | I38: 0 | L38: 1 | N38: 1 | P38: 6 | Q38: 12 | S38: 26 | T38: 52
A39: 25 | B39: 951323243025 | C39: JANI ALICE THIRSA J | D39: 2 | E39: 1 | F39: 2 | H39: 1 | J39: 3 | K39: 6 | M39: 7 | P39: 7 | Q39: 12 | S39: 41 | T39: 82
A40: 26 | B40: 951323243026 | C40: JEBA A | D40: 2 | E40: 2 | F40: 2 | G40: 2 | H40: 2 | I40: 6 | L40: 6 | M40: 7 | O40: 7 | Q40: 12 | S40: 48 | T40: 96
A41: 27 | B41: 951323243027 | C41: JENIFER E
A42: 28 | B42: 951323243028 | C42: JENITTA CATHERIN R | D42: 1 | E42: 0 | H42: 1 | J42: 5 | L42: 4 | M42: 4 | P42: 7 | R42: 12 | S42: 34 | T42: 68
A43: 29 | B43: 951323243029 | C43: JEYACHITHRA K | D43: 2 | E43: 2 | F43: 2 | G43: 2 | H43: 2 | I43: 7 | L43: 7 | M43: 7 | O43: 7 | Q43: 12 | S43: 50 | T43: 100
A44: 30 | B44: 951323243030 | C44: JOSVA PRINCE R
A45: 31 | B45: 951323243031 | C45: KALAI SELVAN VINOTH P | D45: 1 | E45: 1 | I45: 4 | L45: 7 | Q45: 12 | S45: 25 | T45: 50
A46: 32 | B46: 951323243032 | C46: LAKSHMANAN SARATHI S | D46: 2 | E46: 2 | F46: 2 | G46: 1 | L46: 6 | N46: 6 | P46: 6 | Q46: 12 | S46: 37 | T46: 74
A47: 33 | B47: 951323243033 | C47: LIJO DURAISINGH V S | D47: 2 | E47: 2 | F47: 2 | G47: 1 | H47: 2 | L47: 6 | P47: 6 | R47: 12 | S47: 33 | T47: 66
A48: 34 | B48: 951323243034 | C48: LOVISAL JOY K | D48: 2 | E48: 2 | F48: 2 | G48: 2 | H48: 2 | J48: 5 | L48: 7 | M48: 7 | P48: 6 | R48: 12 | S48: 47 | T48: 94
A49: 35 | B49: 951323243035 | C49: MAGESH GOWRI S | D49: 1 | E49: 1 | F49: 2 | G49: 1 | H49: 0 | I49: 0 | K49: 7 | N49: 7 | P49: 7 | Q49: 11 | S49: 37 | T49: 74
A50: 36 | B50: 951323243036 | C50: MARIMUTHU S | D50: 1 | E50: 2 | F50: 1 | G50: 1 | H50: 1 | L50: 6 | P50: 6 | Q50: 12 | S50: 30 | T50: 60
A51: 37 | B51: 951323243037 | C51: MARIYA FATHIMA JEYARANI R
A52: 38 | B52: 951323243038 | C52: MARTIN PRISCA D | K52: 7 | N52: 7 | P52: 7 | R52: 12 | S52: 33 | T52: 66
A53: 39 | B53: 951323243039 | C53: MERLIN HEPSIBA K | D53: 2 | E53: 2 | F53: 2 | G53: 2 | H53: 1 | I53: 7 | L53: 6 | N53: 6 | P53: 7 | Q53: 12 | S53: 47 | T53: 94
A54: 40 | B54: 951323243042 | C54: MUTHUPRASANNA M | D54: 2 | E54: 1 | F54: 1 | G54: 2 | H54: 1 | J54: 5 | L54: 4 | M54: 5 | O54: 7 | Q54: 12 | S54: 40 | T54: 80
A55: 41 | B55: 951323243043 | C55: MUTHURAJ M | F55: 2 | L55: 7 | P55: 6 | Q55: 12 | S55: 27 | T55: 54
A56: 42 | B56: 951323243045 | C56: PONKEERTHANA B | D56: 2 | E56: 1 | F56: 2 | H56: 1 | J56: 5 | L56: 1 | P56: 7 | Q56: 11 | S56: 30 | T56: 60
A57: 43 | B57: 951323243046 | C57: POORANATRIFFIE P | D57: 1 | E57: 0 | F57: 2 | G57: 1 | H57: 0 | I57: 7 | K57: 7 | M57: 6 | P57: 7 | R57: 12 | S57: 43 | T57: 86
A58: 44 | B58: 951323243047 | C58: RACKLAND T | D58: 1 | E58: 2 | F58: 2 | G58: 1 | H58: 1 | J58: 4 | N58: 6 | P58: 6 | Q58: 12 | S58: 35 | T58: 70
A59: 45 | B59: 951323243048 | C59: RAJA SUNDAR K | D59: 1 | E59: 1 | F59: 0 | G59: 0 | H59: 0 | Q59: 5 | S59: 7 | T59: 14
A60: 46 | B60: 951323243049 | C60: RAMALINGAM B
A61: 47 | B61: 951323243050 | C61: SELVAM GRACELIN S | D61: 1 | E61: 1 | F61: 2 | G61: 1 | H61: 1 | I61: 7 | L61: 7 | M61: 6 | O61: 7 | Q61: 12 | S61: 45 | T61: 90
A62: 48 | B62: 951323243051 | C62: SHANKAR V | L62: 7 | P62: 4 | S62: 11 | T62: 22
A63: 49 | B63: 951323243052 | C63: SINDHUJA RAJASUMANA R | D63: 2 | E63: 2 | F63: 2 | G63: 2 | H63: 2 | I63: 7 | L63: 7 | N63: 7 | O63: 7 | R63: 12 | S63: 50 | T63: 100
A64: 50 | B64: 951323243053 | C64: SNEGA G | D64: 2 | E64: 2 | F64: 2 | G64: 2 | H64: 2 | I64: 7 | K64: 7 | M64: 6 | P64: 7 | Q64: 12 | S64: 49 | T64: 98
A65: 51 | B65: 951323243054 | C65: SUBRAMANIAN V | F65: 0 | G65: 2 | L65: 6 | N65: 5 | Q65: 12 | S65: 25 | T65: 50
A66: 52 | B66: 951323243055 | C66: SUGAN RAJ H | D66: 1 | E66: 1 | F66: 1 | G66: 1 | H66: 1 | I66: 1 | L66: 1 | N66: 3 | O66: 1 | Q66: 7 | S66: 18 | T66: 36
A67: 53 | B67: 951323243056 | C67: THOMAS KOILRAJ J | D67: 2 | E67: 2 | F67: 2 | G67: 1 | H67: 1 | J67: 3 | N67: 6 | Q67: 11 | S67: 28 | T67: 56
A68: 54 | B68: 951323243057 | C68: VANITHA L | G68: 1 | H68: 1 | I68: 3 | L68: 6 | M68: 5 | P68: 7 | Q68: 12 | S68: 35 | T68: 70
A69: 55 | B69: 951323243058 | C69: VICTOR ROBINSON | R69: 5 | S69: 5 | T69: 10
A70: 56 | B70: 951323243059 | C70: VIJAYAPRAKASH S
A71: 57 | B71: 951323243060 | C71: VIJITHA BLESSY V | F71: 2 | J71: 5 | L71: 5 | M71: 6 | P71: 3 | R71: 11 | S71: 32 | T71: 64
S72: =SUM(D72:R72) -> 0 | T72: =S72*2 -> 0
A73: Date of Exam | C73: 30.09.24 | D73: Date of Submission
A74: No of Students Appeared | C74: 50 | D74: COURSE INCHARGE
A75: No of Students Passed | C75: 44 | D75: CLASS INCHARGE
A76: No of Students Failed | C76: =C74-C75 -> 6 | D76: HOD
A77: Pass Percentage | C77: =C75/C74 -> 0.88 | D77: PRINCIPAL

Sheet I2
A2: ='BL-1'!A1:L1 -> JAYARAJ ANNAPACKIAM C. S. I. COLLEGE OF ENGINEERING
A3: ='BL-1'!A2:L2 -> (Approved by AICTE, New Delhi and Affiliated to Anna University)
A4: ='BL-1'!A3:L3 -> MARGOSCHIS NAGAR, NAZARETH - 628 617
A6: ='BL-1'!A4:L4 -> DEPARTMENT OF ARTIFICIAL INTELLIGENCE AND DATA SCIENCE
A7: MARK LIST
A8: CONTINUOUS ASSESSMENT TEST - II
A10: ='I1'!A10:J10 -> COURSE CODE / NAME: CW3551 DATA AND INFORMATION SECURITY | L10: BATCH: | N10: ='I1'!N10 -> 2023-27 | S10: SEM: | T10: ='I1'!T10 -> 5
A11: ='BL-1'!A9:H9 -> COURSE INSTRUCTOR/DESIGNATION: G. ALISHA EVANGELINE,AP/ADS | L11: CLASS : | N11: ='I1'!N11 -> III ADS
A13: Sl. No. | B13: Register No. | C13: Name of the Student | D13: PART - A ( 5 X 2 = 10) | I13: PART - B (8 X 5 = 40) | S13: Total (50) | T13: Total (100)
D14: 1 | E14: 2 | F14: 3 | G14: 4 | H14: 5 | I14: 6a | J14: 6b | K14: 7a | L14: 7b | M14: 8a | N14: 8b | O14: 9a | P14: 9b | Q14: 10a | R14: 10b
A15: 1 | B15: ='I1'!B15 -> 951323243001 | C15: ='I1'!C15 -> ABINAYA S | D15: 2 | E15: 1 | G15: 1 | I15: 6 | L15: 5 | Q15: 11 | S15: 26 | T15: 52
A16: 2 | B16: ='I1'!B16 -> 951323243002 | C16: ='I1'!C16 -> ABISHEK S | T16: AB
A17: 3 | B17: ='I1'!B17 -> 951323243003 | C17: ='I1'!C17 -> AJEETHA S | T17: AB
A18: 4 | B18: ='I1'!B18 -> 951323243004 | C18: ='I1'!C18 -> AJIM FAYAZ K M S | D18: 2 | E18: 2 | F18: 2 | G18: 2 | H18: 2 | O18: 4 | S18: 14 | T18: 28
A19: 5 | B19: ='I1'!B19 -> 951323243005 | C19: ='I1'!C19 -> ALPHONES CRUZ NAVEEN J | D19: 1 | E19: 2 | F19: 2 | G19: 2 | H19: 1 | I19: 6 | S19: 14 | T19: 28
A20: 6 | B20: ='I1'!B20 -> 951323243006 | C20: ='I1'!C20 -> ANGEL AGNES D | D20: 2 | E20: 1 | F20: 2 | G20: 2 | H20: 1 | I20: 7 | K20: 6 | N20: 5 | P20: 6 | Q20: 11 | S20: 43 | T20: 86
A21: 7 | B21: ='I1'!B21 -> 951323243007 | C21: ='I1'!C21 -> ANUSHA P | D21: 2 | E21: 1 | F21: 2 | G21: 2 | H21: 2 | I21: 7 | L21: 7 | N21: 7 | O21: 7 | Q21: 12 | S21: 49 | T21: 98
A22: 8 | B22: ='I1'!B22 -> 951323243008 | C22: ='I1'!C22 -> ARIBA M | D22: 1 | G22: 1 | H22: 1 | I22: 5 | L22: 7 | O22: 7 | Q22: 12 | S22: 34 | T22: 68
A23: 9 | B23: ='I1'!B23 -> 951323243009 | C23: ='I1'!C23 -> BALADHARSHINI S | D23: 1 | E23: 1 | F23: 2 | G23: 2 | H23: 1 | I23: 6 | K23: 6 | N23: 6 | O23: 6 | Q23: 11 | S23: 42 | T23: 84
A24: 10 | B24: ='I1'!B24 -> 951323243010 | C24: ='I1'!C24 -> BALASANKAR AYYAPPAN M | D24: 2 | E24: 2 | F24: 1 | G24: 2 | H24: 2 | I24: 4 | L24: 2 | M24: 6 | O24: 7 | R24: 11 | S24: 39 | T24: 78
A25: 11 | B25: ='I1'!B25 -> 951323243011 | C25: ='I1'!C25 -> BALA SRI RAM G | D25: 2 | E25: 1 | F25: 2 | G25: 1 | H25: 2 | Q25: 11 | S25: 21 | T25: 42
A26: 12 | B26: ='I1'!B26 -> 951323243012 | C26: ='I1'!C26 -> BENJAMINE FRANKLIN C | D26: 2 | E26: 2 | F26: 1 | G26: 2 | H26: 2 | L26: 2 | O26: 6 | R26: 10 | S26: 27 | T26: 54
A27: 13 | B27: ='I1'!B27 -> 951323243013 | C27: ='I1'!C27 -> CATHRINE R | D27: 1 | E27: 1 | F27: 1 | G27: 1 | H27: 1 | I27: 6 | K27: 6 | N27: 7 | O27: 2 | Q27: 10 | S27: 36 | T27: 72
A28: 14 | B28: ='I1'!B28 -> 951323243014 | C28: ='I1'!C28 -> CHENGALESWARI K | D28: 2 | E28: 2 | F28: 2 | G28: 2 | H28: 2 | I28: 7 | L28: 7 | N28: 7 | O28: 7 | Q28: 12 | S28: 50 | T28: 100
A29: 15 | B29: ='I1'!B29 -> 951323243015 | C29: ='I1'!C29 -> DEVI L | G29: 1 | H29: 1 | I29: 6 | O29: 5 | Q29: 12 | S29: 25 | T29: 50
A30: 16 | B30: ='I1'!B30 -> 951323243016 | C30: ='I1'!C30 -> DHARUN S | T30: AB
A31: 17 | B31: ='I1'!B31 -> 951323243017 | C31: ='I1'!C31 -> EAKANTHALINGAM R | D31: 2 | E31: 1 | F31: 2 | G31: 1 | H31: 2 | L31: 1 | O31: 3 | R31: 8 | S31: 20 | T31: 40
A32: 18 | B32: ='I1'!B32 -> 951323243018 | C32: ='I1'!C32 -> EFRIN THANASEKARAN J | E32: 1 | F32: 1 | G32: 2 | H32: 1 | I32: 6 | O32: 5 | Q32: 9 | S32: 25 | T32: 50
A33: 19 | B33: ='I1'!B33 -> 951323243019 | C33: ='I1'!C33 -> GAYATHRI M | D33: 1 | E33: 2 | F33: 2 | G33: 2 | H33: 2 | I33: 5 | L33: 3 | N33: 5 | O33: 4 | Q33: 12 | S33: 38 | T33: 76
A34: 20 | B34: ='I1'!B34 -> 951323243020 | C34: ='I1'!C34 -> GOKILA G | D34: 2 | E34: 1 | F34: 2 | G34: 2 | H34: 2 | I34: 7 | L34: 7 | O34: 5 | Q34: 12 | S34: 40 | T34: 80
A35: 21 | B35: ='I1'!B35 -> 951323243021 | C35: ='I1'!C35 -> GOWRI KRISHNAVENI N | D35: 2 | E35: 1 | F35: 2 | G35: 2 | H35: 2 | I35: 7 | L35: 7 | N35: 7 | O35: 7 | Q35: 12 | S35: 49 | T35: 98
A36: 22 | B36: ='I1'!B36 -> 951323243022 | C36: ='I1'!C36 -> HEART BRIGHT MERCY S | T36: AB
A37: 23 | B37: ='I1'!B37 -> 951323243023 | C37: ='I1'!C37 -> INFANT EBINESH R | D37: 1 | E37: 1 | Q37: 3 | S37: 5 | T37: 10
A38: 24 | B38: ='I1'!B38 -> 951323243024 | C38: ='I1'!C38 -> JAI SURYA N | D38: 1 | E38: 1 | F38: 1 | G38: 2 | H38: 1 | I38: 4 | O38: 3 | R38: 8 | S38: 21 | T38: 42
A39: 25 | B39: ='I1'!B39 -> 951323243025 | C39: ='I1'!C39 -> JANI ALICE THIRSA J | D39: 2 | E39: 1 | F39: 2 | G39: 2 | H39: 2 | I39: 6 | K39: 2 | M39: 3 | O39: 5 | Q39: 11 | S39: 36 | T39: 72
A40: 26 | B40: ='I1'!B40 -> 951323243026 | C40: ='I1'!C40 -> JEBA A | D40: 2 | E40: 1 | F40: 2 | G40: 2 | H40: 2 | I40: 7 | L40: 7 | N40: 6 | O40: 4 | Q40: 12 | S40: 45 | T40: 90
A41: 27 | B41: ='I1'!B41 -> 951323243027 | C41: ='I1'!C41 -> JENIFER E | D41: 2 | E41: 1 | F41: 2 | G41: 2 | H41: 2 | I41: 7 | L41: 7 | N41: 7 | O41: 7 | Q41: 12 | S41: 49 | T41: 98
A42: 28 | B42: ='I1'!B42 -> 951323243028 | C42: ='I1'!C42 -> JENITTA CATHERIN R | D42: 1 | F42: 2 | G42: 1 | I42: 7 | N42: 6 | P42: 6 | Q42: 11 | S42: 34 | T42: 68
A43: 29 | B43: ='I1'!B43 -> 951323243029 | C43: ='I1'!C43 -> JEYACHITHRA K | D43: 2 | E43: 1 | F43: 2 | G43: 2 | H43: 2 | I43: 7 | L43: 7 | N43: 7 | O43: 7 | Q43: 12 | S43: 49 | T43: 98
A44: 30 | B44: ='I1'!B44 -> 951323243030 | C44: ='I1'!C44 -> JOSVA PRINCE R | D44: 1 | Q44: 9 | S44: 10 | T44: 20
A45: 31 | B45: ='I1'!B45 -> 951323243031 | C45: ='I1'!C45 -> KALAI SELVAN VINOTH P | D45: 2 | E45: 1 | F45: 1 | G45: 2 | H45: 2 | O45: 4 | Q45: 11 | S45: 23 | T45: 46
A46: 32 | B46: ='I1'!B46 -> 951323243032 | C46: ='I1'!C46 -> LAKSHMANAN SARATHI S | D46: 2 | E46: 2 | F46: 2 | G46: 2 | H46: 2 | I46: 3 | O46: 4 | R46: 11 | S46: 28 | T46: 56
A47: 33 | B47: ='I1'!B47 -> 951323243033 | C47: ='I1'!C47 -> LIJO DURAISINGH V S | D47: 1 | E47: 2 | F47: 2 | G47: 2 | H47: 1 | I47: 4 | O47: 6 | Q47: 10 | S47: 28 | T47: 56
A48: 34 | B48: ='I1'!B48 -> 951323243034 | C48: ='I1'!C48 -> LOVISAL JOY K | D48: 2 | E48: 1 | F48: 2 | G48: 2 | H48: 1 | I48: 7 | K48: 6 | N48: 5 | O48: 6 | Q48: 11 | S48: 43 | T48: 86
A49: 35 | B49: ='I1'!B49 -> 951323243035 | C49: ='I1'!C49 -> MAGESH GOWRI S | D49: 2 | E49: 1 | F49: 2 | G49: 2 | H49: 2 | I49: 6 | L49: 6 | N49: 7 | Q49: 12 | S49: 40 | T49: 80
A50: 36 | B50: ='I1'!B50 -> 951323243036 | C50: ='I1'!C50 -> MARIMUTHU S | D50: 2 | E50: 2 | F50: 1 | G50: 2 | H50: 2 | O50: 4 | R50: 9 | S50: 22 | T50: 44
A51: 37 | B51: ='I1'!B51 -> 951323243037 | C51: ='I1'!C51 -> MARIYA FATHIMA JEYARANI R | D51: 2 | E51: 1 | F51: 1 | G51: 2 | H51: 1 | I51: 6 | K51: 4 | N51: 6 | P51: 6 | Q51: 7 | S51: 36 | T51: 72
A52: 38 | B52: ='I1'!B52 -> 951323243038 | C52: ='I1'!C52 -> MARTIN PRISCA D | D52: 2 | E52: 1 | F52: 2 | G52: 1 | H52: 2 | I52: 4 | N52: 7 | Q52: 11 | S52: 30 | T52: 60
A53: 39 | B53: ='I1'!B53 -> 951323243039 | C53: ='I1'!C53 -> MERLIN HEPSIBA K | D53: 1 | E53: 1 | F53: 1 | G53: 1 | H53: 1 | I53: 7 | L53: 7 | N53: 7 | O53: 7 | Q53: 12 | S53: 45 | T53: 90
A54: 40 | B54: ='I1'!B54 -> 951323243042 | C54: ='I1'!C54 -> MUTHUPRASANNA M | D54: 2 | E54: 2 | F54: 2 | G54: 2 | H54: 2 | I54: 7 | L54: 6 | N54: 6 | O54: 6 | Q54: 12 | S54: 47 | T54: 94
A55: 41 | B55: ='I1'!B55 -> 951323243043 | C55: ='I1'!C55 -> MUTHURAJ M | D55: 2 | E55: 2 | F55: 1 | G55: 2 | H55: 2 | O55: 4 | R55: 9 | S55: 22 | T55: 44
A56: 42 | B56: ='I1'!B56 -> 951323243045 | C56: ='I1'!C56 -> PONKEERTHANA B | D56: 2 | E56: 1 | F56: 2 | G56: 2 | H56: 2 | J56: 1 | O56: 6 | Q56: 12 | S56: 28 | T56: 56
A57: 43 | B57: ='I1'!B57 -> 951323243046 | C57: ='I1'!C57 -> POORANATRIFFIE P | D57: 1 | E57: 1 | F57: 2 | G57: 2 | H57: 1 | I57: 4 | L57: 6 | N57: 5 | O57: 6 | Q57: 12 | S57: 40 | T57: 80
A58: 44 | B58: ='I1'!B58 -> 951323243047 | C58: ='I1'!C58 -> RACKLAND T | D58: 2 | E58: 2 | F58: 1 | G58: 2 | H58: 2 | I58: 5 | O58: 2 | Q58: 11 | S58: 27 | T58: 54
A59: 45 | B59: ='I1'!B59 -> 951323243048 | C59: ='I1'!C59 -> RAJA SUNDAR K | D59: 2 | E59: 1 | F59: 1 | G59: 1 | H59: 2 | I59: 4 | Q59: 9 | S59: 20 | T59: 40
A60: 46 | B60: ='I1'!B60 -> 951323243049 | C60: ='I1'!C60 -> RAMALINGAM B | D60: 2 | E60: 2 | F60: 1 | G60: 2 | H60: 2 | N60: 1 | S60: 10 | T60: 20
A61: 47 | B61: ='I1'!B61 -> 951323243050 | C61: ='I1'!C61 -> SELVAM GRACELIN S | D61: 1 | E61: 1 | F61: 1 | G61: 2 | H61: 2 | I61: 7 | L61: 7 | M61: 7 | O61: 6 | Q61: 12 | S61: 46 | T61: 92
A62: 48 | B62: ='I1'!B62 -> 951323243051 | C62: ='I1'!C62 -> SHANKAR V | D62: 1 | E62: 1 | S62: 2 | T62: 4
A63: 49 | B63: ='I1'!B63 -> 951323243052 | C63: ='I1'!C63 -> SINDHUJA RAJASUMANA R | D63: 2 | E63: 1 | F63: 2 | G63: 2 | H63: 2 | I63: 7 | L63: 7 | N63: 7 | O63: 7 | Q63: 12 | S63: 49 | T63: 98
A64: 50 | B64: ='I1'!B64 -> 951323243053 | C64: ='I1'!C64 -> SNEGA G | D64: 1 | E64: 1 | F64: 2 | G64: 2 | H64: 2 | I64: 7 | N64: 7 | O64: 6 | Q64: 11 | S64: 39 | T64: 78
A65: 51 | B65: ='I1'!B65 -> 951323243054 | C65: ='I1'!C65 -> SUBRAMANIAN V | D65: 1 | E65: 2 | F65: 1 | G65: 2 | H65: 2 | O65: 4 | R65: 10 | S65: 22 | T65: 44
A66: 52 | B66: ='I1'!B66 -> 951323243055 | C66: ='I1'!C66 -> SUGAN RAJ H | D66: 1 | E66: 0 | F66: 0 | G66: 1 | H66: 1 | I66: 2 | O66: 1 | R66: 3 | S66: 9 | T66: 18
A67: 53 | B67: ='I1'!B67 -> 951323243056 | C67: ='I1'!C67 -> THOMAS KOILRAJ J | D67: 2 | E67: 1 | F67: 1 | G67: 1 | H67: 2 | I67: 4 | Q67: 9 | S67: 20 | T67: 40
A68: 54 | B68: ='I1'!B68 -> 951323243057 | C68: ='I1'!C68 -> VANITHA L | D68: 2 | E68: 1 | F68: 2 | G68: 2 | H68: 2 | I68: 7 | N68: 5 | O68: 6 | R68: 11 | S68: 38 | T68: 76
A69: 55 | B69: ='I1'!B69 -> 951323243058 | C69: ='I1'!C69 -> VICTOR ROBINSON | D69: 2 | E69: 1 | F69: 1 | G69: 2 | H69: 2 | R69: 1 | S69: 9 | T69: 18
A70: 56 | B70: ='I1'!B70 -> 951323243059 | C70: ='I1'!C70 -> VIJAYAPRAKASH S | D70: 2 | E70: 2 | F70: 1 | G70: 2 | H70: 2 | O70: 3 | R70: 7 | S70: 19 | T70: 38
A71: 57 | B71: ='I1'!B71 -> 951323243060 | C71: ='I1'!C71 -> VIJITHA BLESSY V | T71: AB
S72: =SUM(D72:R72) -> 0 | T72: =S72*2 -> 0
A73: Date of Exam | C73: 45275 | D73: Date of Submission
A74: No of Students Appeared | C74: =COUNTIF(S15:S72,">0") -> 52 | D74: COURSE INCHARGE
A75: No of Students Passed | C75: =COUNTIF(S15:S72,">24") -> 34 | D75: CLASS INCHARGE
A76: No of Students Failed | C76: =C74-C75 -> 18 | D76: HOD
A77: Pass Percentage | C77: =C75/C74 -> 0.65384615 | D77: PRINCIPAL

Sheet I3
A2: ='BL-1'!A1:L1 -> JAYARAJ ANNAPACKIAM C. S. I. COLLEGE OF ENGINEERING
A3: ='BL-1'!A2:L2 -> (Approved by AICTE, New Delhi and Affiliated to Anna University)
A4: ='BL-1'!A3:L3 -> MARGOSCHIS NAGAR, NAZARETH - 628 617
A6: ='BL-1'!A4:L4 -> DEPARTMENT OF ARTIFICIAL INTELLIGENCE AND DATA SCIENCE
A7: MARK LIST
A8: INTERNAL ASSESSMENT TEST - III
A10: ='I1'!A10:J10 -> COURSE CODE / NAME: CW3551 DATA AND INFORMATION SECURITY | L10: BATCH: | N10: ='I1'!N10 -> 2023-27 | S10: SEM: | T10: ='I1'!T10 -> 5
A11: ='BL-1'!A9:H9 -> COURSE INSTRUCTOR/DESIGNATION: G. ALISHA EVANGELINE,AP/ADS | L11: CLASS : | N11: ='I1'!N11 -> III ADS
A13: Sl. No. | B13: Register No. | C13: Name of the Student | D13: PART - A ( 5 X 2 = 10) | I13: PART - B (8 X 5 = 40) | S13: Total (50) | T13: Total (100)
D14: 1 | E14: 2 | F14: 3 | G14: 4 | H14: 5 | I14: 6a | J14: 6b | K14: 7a | L14: 7b | M14: 8a | N14: 8b | O14: 9a | P14: 9b | Q14: 10a | R14: 10b
A15: 1 | B15: ='I1'!B15 -> 951323243001 | C15: ='I1'!C15 -> ABINAYA S
A16: 2 | B16: ='I1'!B16 -> 951323243002 | C16: ='I1'!C16 -> ABISHEK S
A17: 3 | B17: ='I1'!B17 -> 951323243003 | C17: ='I1'!C17 -> AJEETHA S
A18: 4 | B18: ='I1'!B18 -> 951323243004 | C18: ='I1'!C18 -> AJIM FAYAZ K M S
A19: 5 | B19: ='I1'!B19 -> 951323243005 | C19: ='I1'!C19 -> ALPHONES CRUZ NAVEEN J
A20: 6 | B20: ='I1'!B20 -> 951323243006 | C20: ='I1'!C20 -> ANGEL AGNES D
A21: 7 | B21: ='I1'!B21 -> 951323243007 | C21: ='I1'!C21 -> ANUSHA P
A22: 8 | B22: ='I1'!B22 -> 951323243008 | C22: ='I1'!C22 -> ARIBA M
A23: 9 | B23: ='I1'!B23 -> 951323243009 | C23: ='I1'!C23 -> BALADHARSHINI S
A24: 10 | B24: ='I1'!B24 -> 951323243010 | C24: ='I1'!C24 -> BALASANKAR AYYAPPAN M
A25: 11 | B25: ='I1'!B25 -> 951323243011 | C25: ='I1'!C25 -> BALA SRI RAM G
A26: 12 | B26: ='I1'!B26 -> 951323243012 | C26: ='I1'!C26 -> BENJAMINE FRANKLIN C
... A53: 39 | B53: ='I1'!B53 -> 951323243039 | C53: ='I1'!C53 -> MERLIN HEPSIBA K
A54: 40 | B54: ='I1'!#REF! -> #REF! | C54: ='I1'!#REF! -> #REF!
A55: 41 | B55: ='I1'!B54 -> 951323243042 | C55: ='I1'!C54 -> MUTHUPRASANNA M
A56: 42 | B56: ='I1'!B55 -> 951323243043 | C56: ='I1'!C55 -> MUTHURAJ M
A57: 43 | B57: ='I1'!#REF! -> #REF! | C57: ='I1'!#REF! -> #REF!
A58: 44 | B58: ='I1'!B56 -> 951323243045 | C58: ='I1'!C56 -> PONKEERTHANA B
A59: 45 | B59: ='I1'!B57 -> 951323243046 | C59: ='I1'!C57 -> POORANATRIFFIE P
A60: 46 | B60: ='I1'!B58 -> 951323243047 | C60: ='I1'!C58 -> RACKLAND T
A61: 47 | B61: ='I1'!B59 -> 951323243048 | C61: ='I1'!C59 -> RAJA SUNDAR K
A62: 48 | B62: ='I1'!B60 -> 951323243049 | C62: ='I1'!C60 -> RAMALINGAM B
A63: 49 | B63: ='I1'!B61 -> 951323243050 | C63: ='I1'!C61 -> SELVAM GRACELIN S
A64: 50 | B64: ='I1'!B62 -> 951323243051 | C64: ='I1'!C62 -> SHANKAR V
A65: 51 | B65: ='I1'!B63 -> 951323243052 | C65: ='I1'!C63 -> SINDHUJA RAJASUMANA R
A66: 52 | B66: ='I1'!B64 -> 951323243053 | C66: ='I1'!C64 -> SNEGA G
A67: 53 | B67: ='I1'!B65 -> 951323243054 | C67: ='I1'!C65 -> SUBRAMANIAN V
A68: 54 | B68: ='I1'!B66 -> 951323243055 | C68: ='I1'!C66 -> SUGAN RAJ H
A69: 55 | B69: ='I1'!B67 -> 951323243056 | C69: ='I1'!C67 -> THOMAS KOILRAJ J
... A73: 59 | B73: ='I1'!B71 -> 951323243060 | C73: ='I1'!C71 -> VIJITHA BLESSY V
A75: Date of Exam | C75: 45275 | D75: Date of Submission
A76: No of Students Appeared | C76: =COUNTIF(S15:S74,">0") -> 0 | D76: COURSE INCHARGE
A77: No of Students Passed | C77: =COUNTIF(S15:S74,">24") -> 0 | D77: CLASS INCHARGE
A78: No of Students Failed | C78: =C76-C77 -> 0 | D78: HOD
A79: Pass Percentage | C79: =C77/C76 -> #DIV/0! | D79: PRINCIPAL

Sheet IAT-1
B1: ='BL-1'!A1 -> JAYARAJ ANNAPACKIAM C. S. I. COLLEGE OF ENGINEERING
B2: ='BL-1'!A2 -> (Approved by AICTE, New Delhi and Affiliated to Anna University)
B3: ='BL-1'!A3 -> MARGOSCHIS NAGAR, NAZARETH - 628 617
B4: ='BL-1'!A4 -> DEPARTMENT OF ARTIFICIAL INTELLIGENCE AND DATA SCIENCE
B5: CO ATTAINMENT
B6: INTERNAL ASSESSMENT TEST - I
A8: ='I1'!A10:J10 -> COURSE CODE / NAME: CW3551 DATA AND INFORMATION SECURITY | G8: ='BL-1'!I9 -> CLASS : III ADS | K8: ='BL-1'!I8 -> BATCH: 2023-2027 | O8: ='BL-1'!M8 -> SEM:05
A9: ='I1'!A11:J11 -> COURSE INSTRUCTOR/DESIGNATION: G. ALISHA EVANGELINE,AP/ADS | F9: ='BL-1'!M9 -> DATE: | G9: 20/09/2025 | J9: ='BL-1'!O9 -> TIME: | K9: 11:15-12:45 | O9: No. of Students in the Class: 57 | Z9: =COUNTIF('I1'!C15:C72,"*") -> 57
A11: COURSE OUTCOMES: | O11: Attainment Level | Q11: Description | AD11: Correlation Level
A12: ='BL-1'!A12 -> CO 1 | B12: ='BL-1'!B12 -> Understand the basics of data and information security | O12: 1 | Q12: Students scoring more than 40% marks in the relevant CO | AD12: Slight (1)
A13: ='BL-1'!A13 -> CO 2 | B13: ='BL-1'!B13 -> Understand the legal, ethical and professional issues in information security | O13: 2 | Q13: Students scoring more than 50% marks in the relevant CO | S13: Students scoring more than 50% marks in the relevant CO | AD13: Moderate (2)
A14: ='BL-1'!A14 -> CO 3 | B14: ='BL-1'!B14 -> Understand the various authentication schemes to simulate different applications | O14: 3 | Q14: Students scoring more than 60% marks in the relevant CO | S14: Students scoring more than 60% marks in the relevant CO | AD14: Substantial (3)
A15: ='BL-1'!A15 -> CO 4 | B15: ='BL-1'!B15 -> Understand various security practices and system security standards
A16: ='BL-1'!A16 -> CO 5 | B16: ='BL-1'!B16 -> Understand the web security protocols for E-commerce applications
D18: BLOOMS LEVEL
D19: L1: REMEMBER | E19: L2: UNDERSTAND | G19: L3: APPLY | I19: L4: ANALYSE | K19: L5: EVALUATE | M19: L6: CREATE | P19: MARK ALLOCATION
B20: S. No | C20: Reg. No. | D20: Name of the Student | E20: IAT-I | F20: Part A | K20: Part B | P20: CO 1 Attainment | R20: CO 2 Attainment | T20: CO 3 Attainment | V20: CO 4 Attainment | X20: CO 5 Attainment | Z20: TOTAL MARK
E21: Q.No. | F21: 1 | G21: 2 | H21: 3 | I21: 4 | J21: 5 | K21: 6 | L21: 7 | M21: 8 | N21: 9 | O21: 10
E23: CO | F23: =IF('BL-1'!C20="ü",1,IF('BL-1'!#REF!="ü",2,IF('BL-1'!C22="ü",3,IF('BL-1'!C23="ü",4,IF('BL-1'!C24="ü",5,0))))) -> 1 | G23: =IF('BL-1'!D20="ü",1,IF('BL-1'!#REF!="ü",2,IF('BL-1'!D22="ü",3,IF('BL-1'!D23="ü",4,IF('BL-1'!D24="ü",5,0))))) -> 1 | H23: =IF('BL-1'!E20="ü",1,IF('BL-1'!E21="ü",2,IF('BL-1'!E22="ü",3,IF('BL-1'!E23="ü",4,IF('BL-1'!E24="ü",5,0))))) -> 2 | I23: =IF('BL-1'!F20="ü",1,IF('BL-1'!F21="ü",2,IF('BL-1'!F22="ü",3,IF('BL-1'!F23="ü",4,IF('BL-1'!F24="ü",5,0))))) -> 2 | J23: =IF('BL-1'!G20="ü",1,IF('BL-1'!G21="ü",2,IF('BL-1'!G22="ü",3,IF('BL-1'!G23="ü",4,IF('BL-1'!G24="ü",5,0))))) -> 3 | K23: =IF('BL-1'!H20="ü",1,IF('BL-1'!H21="ü",2,IF('BL-1'!H22="ü",3,IF('BL-1'!H23="ü",4,IF('BL-1'!H24="ü",5,0))))) -> 1 | L23: =IF('BL-1'!I20="ü",1,IF('BL-1'!I21="ü",2,IF('BL-1'!I22="ü",3,IF('BL-1'!I23="ü",4,IF('BL-1'!I24="ü",5,0))))) -> 2 | M23: =IF('BL-1'!J20="ü",1,IF('BL-1'!J21="ü",2,IF('BL-1'!J22="ü",3,IF('BL-1'!J23="ü",4,IF('BL-1'!J24="ü",5,0))))) -> 2 | N23: =IF('BL-1'!K20<>"ü",1,IF('BL-1'!K21="ü",2,IF('BL-1'!K22="ü",3,IF('BL-1'!K23="ü",4,IF('BL-1'!K24="ü",5,0))))) -> 1 | O23: =IF('BL-1'!L20="ü",1,IF('BL-1'!L21="ü",2,IF('BL-1'!L22="ü",3,IF('BL-1'!L23="ü",4,IF('BL-1'!L24="ü",5,0))))) -> 1
E24: BL | F24: =IF('BL-1'!C25="ü","L1",IF('BL-1'!C26="ü","L2",IF('BL-1'!C27="ü","L3",IF('BL-1'!C28="ü","L4",IF('BL-1'!C29="ü","L5","L6"))))) -> L2 | G24: =IF('BL-1'!D25="ü","L1",IF('BL-1'!D26="ü","L2",IF('BL-1'!D27="ü","L3",IF('BL-1'!D28="ü","L4",IF('BL-1'!D29="ü","L5","L6"))))) -> L2 | H24: =IF('BL-1'!E25="ü","L1",IF('BL-1'!E26="ü","L2",IF('BL-1'!E27="ü","L3",IF('BL-1'!E28="ü","L4",IF('BL-1'!E29="ü","L5","L6"))))) -> L1 | I24: =IF('BL-1'!F25="ü","L1",IF('BL-1'!F26="ü","L2",IF('BL-1'!F27="ü","L3",IF('BL-1'!F28="ü","L4",IF('BL-1'!F29="ü","L5","L6"))))) -> L2 | J24: =IF('BL-1'!G25="ü","L1",IF('BL-1'!G26="ü","L2",IF('BL-1'!G27="ü","L3",IF('BL-1'!G28="ü","L4",IF('BL-1'!G29="ü","L5","L6"))))) -> L2 | K24: =IF('BL-1'!H25="ü","L1",IF('BL-1'!H26="ü","L2",IF('BL-1'!H27="ü","L3",IF('BL-1'!H28="ü","L4",IF('BL-1'!H29="ü","L5","L6"))))) -> L2 | L24: =IF('BL-1'!I25="ü","L1",IF('BL-1'!I26="ü","L2",IF('BL-1'!I27="ü","L3",IF('BL-1'!I28="ü","L4",IF('BL-1'!I29="ü","L5","L6"))))) -> L2 | M24: =IF('BL-1'!J25="ü","L1",IF('BL-1'!J26="ü","L2",IF('BL-1'!J27="ü","L3",IF('BL-1'!J28="ü","L4",IF('BL-1'!J29="ü","L5","L6"))))) -> L2 | ... O24: =IF('BL-1'!L25="ü","L1",IF('BL-1'!L26="ü","L2",IF('BL-1'!L27="ü","L3",IF('BL-1'!L28="ü","L4",IF('BL-1'!L29="ü","L5","L6"))))) -> L2
E25: MARK | F25: 2 | G25: 2 | H25: 2 | I25: 2 | J25: 2 | K25: 7 | L25: 7 | M25: 7 | N25: 7 | O25: 12 | P25: =SUMIF('BL-1'!$C$20:$L$20,"*",'IAT-1'!F25:O25) -> 23 | Q25: 100 | R25: =SUMIF('BL-1'!$C$21:$L$21,"*",'IAT-1'!F25:O25) -> 18 | S25: 100 | T25: =SUMIF('BL-1'!$C$22:$L$22,"*",'IAT-1'!F25:O25) -> 9 | U25: 100 | V25: =SUMIF('BL-1'!$C$23:$L$23,"*",'IAT-1'!F25:O25) -> 0 | W25: 100 | X25: =SUMIF('BL-1'!$C$24:$L$24,"*",'IAT-1'!F25:O25) -> 0 | Y25: 100 | Z25: 50 | AA25: =Z25*2 -> 100
B26: 1 | C26: ='I1'!B15 -> 951323243001 | D26: ='I1'!C15 -> ABINAYA S | F26: ='I1'!D15 -> 2 | G26: ='I1'!E15 -> 2 | H26: ='I1'!F15 -> 2 | I26: ='I1'!G15 -> 2 | J26: ='I1'!H15 -> 1 | K26: ='I1'!I15+'I1'!J15 -> 7 | L26: ='I1'!K15+'I1'!L15 -> 6 | M26: ='I1'!M15+'I1'!N15 -> 5 | N26: ='I1'!O15+'I1'!P15 -> 0 | O26: ='I1'!Q15+'I1'!R15 -> 12 | P26: =SUMIF('BL-1'!$C$20:$L$20,"*",'IAT-1'!F26:O26) -> 23 | Q26: =ROUND(IFERROR(P26/P$25,0)*100,1) -> 100 | R26: =SUMIF('BL-1'!$C$21:$L$21,"*",'IAT-1'!F26:O26) -> 15 | S26: =ROUND(IFERROR(R26/R$25,0)*100,1) -> 83.3 | T26: =SUMIF('BL-1'!$C$22:$L$22,"*",'IAT-1'!F26:O26) -> 1 | U26: =ROUND(IFERROR(T26/T$25,0)*100,1) -> 11.1 | V26: =SUMIF('BL-1'!$C$23:$L$23,"*",'IAT-1'!F26:O26) -> 0 | W26: =ROUND(IFERROR(V26/V$25,0)*100,1) -> 0 | X26: =SUMIF('BL-1'!$C$24:$L$24,"*",'IAT-1'!F26:O26) -> 0 | Y26: =ROUND(IFERROR(X26/X$25,0)*100,1) -> 0 | Z26: =SUM(P26,R26,T26,V26,X26) -> 39 | AA26: =Z26*2 -> 78
B27: 2 | C27: ='I1'!B16 -> 951323243002 | D27: ='I1'!C16 -> ABISHEK S | F27: ='I1'!D16 -> 2 | G27: ='I1'!E16 -> 2 | H27: ='I1'!F16 -> 2 | I27: ='I1'!G16 -> 2 | J27: ='I1'!H16 -> 1 | K27: ='I1'!I16+'I1'!J16 -> 0 | L27: ='I1'!K16+'I1'!L16 -> 5 | M27: ='I1'!M16+'I1'!N16 -> 0 | N27: ='I1'!O16+'I1'!P16 -> 7 | O27: ='I1'!Q16+'I1'!R16 -> 12 | P27: =SUMIF('BL-1'!$C$20:$L$20,"*",'IAT-1'!F27:O27) -> 16 | Q27: =ROUND(IFERROR(P27/P$25,0)*100,1) -> 69.6 | R27: =SUMIF('BL-1'!$C$21:$L$21,"*",'IAT-1'!F27:O27) -> 9 | S27: =ROUND(IFERROR(R27/R$25,0)*100,1) -> 50 | T27: =SUMIF('BL-1'!$C$22:$L$22,"*",'IAT-1'!F27:O27) -> 8 | U27: =ROUND(IFERROR(T27/T$25,0)*100,1) -> 88.9 | V27: =SUMIF('BL-1'!$C$23:$L$23,"*",'IAT-1'!F27:O27) -> 0 | W27: =ROUND(IFERROR(V27/V$25,0)*100,1) -> 0 | X27: =SUMIF('BL-1'!$C$24:$L$24,"*",'IAT-1'!F27:O27) -> 0 | Y27: =ROUND(IFERROR(X27/X$25,0)*100,1) -> 0 | Z27: =SUM(P27,R27,T27,V27,X27) -> 33 | AA27: =Z27*2 -> 66
B28: 3 | C28: ='I1'!B17 -> 951323243003 | D28: ='I1'!C17 -> AJEETHA S | F28: ='I1'!D17 -> 2 | G28: ='I1'!E17 -> 2 | H28: ='I1'!F17 -> 2 | I28: ='I1'!G17 -> 2 | J28: ='I1'!H17 -> 2 | K28: ='I1'!I17+'I1'!J17 -> 5 | L28: ='I1'!K17+'I1'!L17 -> 7 | M28: ='I1'!M17+'I1'!N17 -> 7 | N28: ='I1'!O17+'I1'!P17 -> 7 | O28: ='I1'!Q17+'I1'!R17 -> 12 | P28: =SUMIF('BL-1'!$C$20:$L$20,"*",'IAT-1'!F28:O28) -> 21 | Q28: =ROUND(IFERROR(P28/P$25,0)*100,1) -> 91.3 | R28: =SUMIF('BL-1'!$C$21:$L$21,"*",'IAT-1'!F28:O28) -> 18 | S28: =ROUND(IFERROR(R28/R$25,0)*100,1) -> 100 | T28: =SUMIF('BL-1'!$C$22:$L$22,"*",'IAT-1'!F28:O28) -> 9 | U28: =ROUND(IFERROR(T28/T$25,0)*100,1) -> 100 | V28: =SUMIF('BL-1'!$C$23:$L$23,"*",'IAT-1'!F28:O28) -> 0 | W28: =ROUND(IFERROR(V28/V$25,0)*100,1) -> 0 | X28: =SUMIF('BL-1'!$C$24:$L$24,"*",'IAT-1'!F28:O28) -> 0 | Y28: =ROUND(IFERROR(X28/X$25,0)*100,1) -> 0 | Z28: =SUM(P28,R28,T28,V28,X28) -> 48 | AA28: =Z28*2 -> 96
B29: 4 | C29: ='I1'!B18 -> 951323243004 | D29: ='I1'!C18 -> AJIM FAYAZ K M S | F29: ='I1'!D18 -> 0 | G29: ='I1'!E18 -> 0 | H29: ='I1'!F18 -> 0 | I29: ='I1'!G18 -> 0 | J29: ='I1'!H18 -> 0 | K29: ='I1'!I18+'I1'!J18 -> 0 | L29: ='I1'!K18+'I1'!L18 -> 0 | M29: ='I1'!M18+'I1'!N18 -> 0 | N29: ='I1'!O18+'I1'!P18 -> 0 | O29: ='I1'!Q18+'I1'!R18 -> 0 | P29: =SUMIF('BL-1'!$C$20:$L$20,"*",'IAT-1'!F29:O29) -> 0 | Q29: =ROUND(IFERROR(P29/P$25,0)*100,1) -> 0 | R29: =SUMIF('BL-1'!$C$21:$L$21,"*",'IAT-1'!F29:O29) -> 0 | S29: =ROUND(IFERROR(R29/R$25,0)*100,1) -> 0 | T29: =SUMIF('BL-1'!$C$22:$L$22,"*",'IAT-1'!F29:O29) -> 0 | U29: =ROUND(IFERROR(T29/T$25,0)*100,1) -> 0 | V29: =SUMIF('BL-1'!$C$23:$L$23,"*",'IAT-1'!F29:O29) -> 0 | W29: =ROUND(IFERROR(V29/V$25,0)*100,1) -> 0 | X29: =SUMIF('BL-1'!$C$24:$L$24,"*",'IAT-1'!F29:O29) -> 0 | Y29: =ROUND(IFERROR(X29/X$25,0)*100,1) -> 0 | Z29: =SUM(P29,R29,T29,V29,X29) -> 0 | AA29: =Z29*2 -> 0
B30: 5 | C30: ='I1'!B19 -> 951323243005 | D30: ='I1'!C19 -> ALPHONES CRUZ NAVEEN J | F30: ='I1'!D19 -> 1 | G30: ='I1'!E19 -> 0 | H30: ='I1'!F19 -> 0 | I30: ='I1'!G19 -> 0 | J30: ='I1'!H19 -> 0 | K30: ='I1'!I19+'I1'!J19 -> 0 | L30: ='I1'!K19+'I1'!L19 -> 0 | M30: ='I1'!M19+'I1'!N19 -> 0 | N30: ='I1'!O19+'I1'!P19 -> 0 | O30: ='I1'!Q19+'I1'!R19 -> 2 | P30: =SUMIF('BL-1'!$C$20:$L$20,"*",'IAT-1'!F30:O30) -> 3 | Q30: =ROUND(IFERROR(P30/P$25,0)*100,1) -> 13 | R30: =SUMIF('BL-1'!$C$21:$L$21,"*",'IAT-1'!F30:O30) -> 0 | S30: =ROUND(IFERROR(R30/R$25,0)*100,1) -> 0 | T30: =SUMIF('BL-1'!$C$22:$L$22,"*",'IAT-1'!F30:O30) -> 0 | U30: =ROUND(IFERROR(T30/T$25,0)*100,1) -> 0 | V30: =SUMIF('BL-1'!$C$23:$L$23,"*",'IAT-1'!F30:O30) -> 0 | W30: =ROUND(IFERROR(V30/V$25,0)*100,1) -> 0 | X30: =SUMIF('BL-1'!$C$24:$L$24,"*",'IAT-1'!F30:O30) -> 0 | Y30: =ROUND(IFERROR(X30/X$25,0)*100,1) -> 0 | Z30: =SUM(P30,R30,T30,V30,X30) -> 3 | AA30: =Z30*2 -> 6
B31: 6 | C31: ='I1'!B20 -> 951323243006 | D31: ='I1'!C20 -> ANGEL AGNES D | F31: ='I1'!D20 -> 2 | G31: ='I1'!E20 -> 2 | H31: ='I1'!F20 -> 2 | I31: ='I1'!G20 -> 2 | J31: ='I1'!H20 -> 1 | K31: ='I1'!I20+'I1'!J20 -> 5 | L31: ='I1'!K20+'I1'!L20 -> 7 | M31: ='I1'!M20+'I1'!N20 -> 7 | N31: ='I1'!O20+'I1'!P20 -> 5 | O31: ='I1'!Q20+'I1'!R20 -> 12 | P31: =SUMIF('BL-1'!$C$20:$L$20,"*",'IAT-1'!F31:O31) -> 21 | Q31: =ROUND(IFERROR(P31/P$25,0)*100,1) -> 91.3 | R31: =SUMIF('BL-1'!$C$21:$L$21,"*",'IAT-1'!F31:O31) -> 18 | S31: =ROUND(IFERROR(R31/R$25,0)*100,1) -> 100 | T31: =SUMIF('BL-1'!$C$22:$L$22,"*",'IAT-1'!F31:O31) -> 6 | U31: =ROUND(IFERROR(T31/T$25,0)*100,1) -> 66.7 | V31: =SUMIF('BL-1'!$C$23:$L$23,"*",'IAT-1'!F31:O31) -> 0 | W31: =ROUND(IFERROR(V31/V$25,0)*100,1) -> 0 | X31: =SUMIF('BL-1'!$C$24:$L$24,"*",'IAT-1'!F31:O31) -> 0 | Y31: =ROUND(IFERROR(X31/X$25,0)*100,1) -> 0 | Z31: =SUM(P31,R31,T31,V31,X31) -> 45 | AA31: =Z31*2 -> 90
B32: 7 | C32: ='I1'!B21 -> 951323243007 | D32: ='I1'!C21 -> ANUSHA P | F32: ='I1'!D21 -> 2 | G32: ='I1'!E21 -> 2 | H32: ='I1'!F21 -> 2 | I32: ='I1'!G21 -> 2 | J32: ='I1'!H21 -> 2 | K32: ='I1'!I21+'I1'!J21 -> 7 | L32: ='I1'!K21+'I1'!L21 -> 7 | M32: ='I1'!M21+'I1'!N21 -> 7 | N32: ='I1'!O21+'I1'!P21 -> 7 | O32: ='I1'!Q21+'I1'!R21 -> 12 | P32: =SUMIF('BL-1'!$C$20:$L$20,"*",'IAT-1'!F32:O32) -> 23 | Q32: =ROUND(IFERROR(P32/P$25,0)*100,1) -> 100 | R32: =SUMIF('BL-1'!$C$21:$L$21,"*",'IAT-1'!F32:O32) -> 18 | S32: =ROUND(IFERROR(R32/R$25,0)*100,1) -> 100 | T32: =SUMIF('BL-1'!$C$22:$L$22,"*",'IAT-1'!F32:O32) -> 9 | U32: =ROUND(IFERROR(T32/T$25,0)*100,1) -> 100 | V32: =SUMIF('BL-1'!$C$23:$L$23,"*",'IAT-1'!F32:O32) -> 0 | W32: =ROUND(IFERROR(V32/V$25,0)*100,1) -> 0 | X32: =SUMIF('BL-1'!$C$24:$L$24,"*",'IAT-1'!F32:O32) -> 0 | Y32: =ROUND(IFERROR(X32/X$25,0)*100,1) -> 0 | Z32: =SUM(P32,R32,T32,V32,X32) -> 50 | AA32: =Z32*2 -> 100
B33: 8 | C33: ='I1'!B22 -> 951323243008 | D33: ='I1'!C22 -> ARIBA M | F33: ='I1'!D22 -> 2 | G33: ='I1'!E22 -> 1 | H33: ='I1'!F22 -> 2 | I33: ='I1'!G22 -> 2 | J33: ='I1'!H22 -> 1 | K33: ='I1'!I22+'I1'!J22 -> 1 | L33: ='I1'!K22+'I1'!L22 -> 7 | M33: ='I1'!M22+'I1'!N22 -> 7 | N33: ='I1'!O22+'I1'!P22 -> 7 | O33: ='I1'!Q22+'I1'!R22 -> 12 | P33: =SUMIF('BL-1'!$C$20:$L$20,"*",'IAT-1'!F33:O33) -> 16 | Q33: =ROUND(IFERROR(P33/P$25,0)*100,1) -> 69.6 | R33: =SUMIF('BL-1'!$C$21:$L$21,"*",'IAT-1'!F33:O33) -> 18 | S33: =ROUND(IFERROR(R33/R$25,0)*100,1) -> 100 | T33: =SUMIF('BL-1'!$C$22:$L$22,"*",'IAT-1'!F33:O33) -> 8 | U33: =ROUND(IFERROR(T33/T$25,0)*100,1) -> 88.9 | V33: =SUMIF('BL-1'!$C$23:$L$23,"*",'IAT-1'!F33:O33) -> 0 | W33: =ROUND(IFERROR(V33/V$25,0)*100,1) -> 0 | X33: =SUMIF('BL-1'!$C$24:$L$24,"*",'IAT-1'!F33:O33) -> 0 | Y33: =ROUND(IFERROR(X33/X$25,0)*100,1) -> 0 | Z33: =SUM(P33,R33,T33,V33,X33) -> 42 | AA33: =Z33*2 -> 84
B34: 9 | C34: ='I1'!B23 -> 951323243009 | D34: ='I1'!C23 -> BALADHARSHINI S | F34: ='I1'!D23 -> 1 | G34: ='I1'!E23 -> 1 | H34: ='I1'!F23 -> 2 | I34: ='I1'!G23 -> 1 | J34: ='I1'!H23 -> 1 | K34: ='I1'!I23+'I1'!J23 -> 7 | L34: ='I1'!K23+'I1'!L23 -> 6 | M34: ='I1'!M23+'I1'!N23 -> 3 | N34: ='I1'!O23+'I1'!P23 -> 7 | O34: ='I1'!Q23+'I1'!R23 -> 12 | P34: =SUMIF('BL-1'!$C$20:$L$20,"*",'IAT-1'!F34:O34) -> 21 | Q34: =ROUND(IFERROR(P34/P$25,0)*100,1) -> 91.3 | R34: =SUMIF('BL-1'!$C$21:$L$21,"*",'IAT-1'!F34:O34) -> 12 | S34: =ROUND(IFERROR(R34/R$25,0)*100,1) -> 66.7 | T34: =SUMIF('BL-1'!$C$22:$L$22,"*",'IAT-1'!F34:O34) -> 8 | U34: =ROUND(IFERROR(T34/T$25,0)*100,1) -> 88.9 | V34: =SUMIF('BL-1'!$C$23:$L$23,"*",'IAT-1'!F34:O34) -> 0 | W34: =ROUND(IFERROR(V34/V$25,0)*100,1) -> 0 | X34: =SUMIF('BL-1'!$C$24:$L$24,"*",'IAT-1'!F34:O34) -> 0 | Y34: =ROUND(IFERROR(X34/X$25,0)*100,1) -> 0 | Z34: =SUM(P34,R34,T34,V34,X34) -> 41 | AA34: =Z34*2 -> 82
B35: 10 | C35: ='I1'!B24 -> 951323243010 | D35: ='I1'!C24 -> BALASANKAR AYYAPPAN M | F35: ='I1'!D24 -> 2 | G35: ='I1'!E24 -> 2 | H35: ='I1'!F24 -> 2 | I35: ='I1'!G24 -> 2 | J35: ='I1'!H24 -> 1 | K35: ='I1'!I24+'I1'!J24 -> 6 | L35: ='I1'!K24+'I1'!L24 -> 7 | M35: ='I1'!M24+'I1'!N24 -> 2 | N35: ='I1'!O24+'I1'!P24 -> 7 | O35: ='I1'!Q24+'I1'!R24 -> 12 | P35: =SUMIF('BL-1'!$C$20:$L$20,"*",'IAT-1'!F35:O35) -> 22 | Q35: =ROUND(IFERROR(P35/P$25,0)*100,1) -> 95.7 | R35: =SUMIF('BL-1'!$C$21:$L$21,"*",'IAT-1'!F35:O35) -> 13 | S35: =ROUND(IFERROR(R35/R$25,0)*100,1) -> 72.2 | T35: =SUMIF('BL-1'!$C$22:$L$22,"*",'IAT-1'!F35:O35) -> 8 | U35: =ROUND(IFERROR(T35/T$25,0)*100,1) -> 88.9 | V35: =SUMIF('BL-1'!$C$23:$L$23,"*",'IAT-1'!F35:O35) -> 0 | W35: =ROUND(IFERROR(V35/V$25,0)*100,1) -> 0 | X35: =SUMIF('BL-1'!$C$24:$L$24,"*",'IAT-1'!F35:O35) -> 0 | Y35: =ROUND(IFERROR(X35/X$25,0)*100,1) -> 0 | Z35: =SUM(P35,R35,T35,V35,X35) -> 43 | AA35: =Z35*2 -> 86
B36: 11 | C36: ='I1'!B25 -> 951323243011 | D36: ='I1'!C25 -> BALA SRI RAM G | F36: ='I1'!D25 -> 0 | G36: ='I1'!E25 -> 1 | H36: ='I1'!F25 -> 2 | I36: ='I1'!G25 -> 0 | J36: ='I1'!H25 -> 0 | K36: ='I1'!I25+'I1'!J25 -> 0 | L36: ='I1'!K25+'I1'!L25 -> 0 | M36: ='I1'!M25+'I1'!N25 -> 0 | N36: ='I1'!O25+'I1'!P25 -> 0 | O36: ='I1'!Q25+'I1'!R25 -> 0 | P36: =SUMIF('BL-1'!$C$20:$L$20,"*",'IAT-1'!F36:O36) -> 1 | Q36: =ROUND(IFERROR(P36/P$25,0)*100,1) -> 4.3 | R36: =SUMIF('BL-1'!$C$21:$L$21,"*",'IAT-1'!F36:O36) -> 2 | S36: =ROUND(IFERROR(R36/R$25,0)*100,1) -> 11.1 | T36: =SUMIF('BL-1'!$C$22:$L$22,"*",'IAT-1'!F36:O36) -> 0 | U36: =ROUND(IFERROR(T36/T$25,0)*100,1) -> 0 | V36: =SUMIF('BL-1'!$C$23:$L$23,"*",'IAT-1'!F36:O36) -> 0 | W36: =ROUND(IFERROR(V36/V$25,0)*100,1) -> 0 | X36: =SUMIF('BL-1'!$C$24:$L$24,"*",'IAT-1'!F36:O36) -> 0 | Y36: =ROUND(IFERROR(X36/X$25,0)*100,1) -> 0 | Z36: =SUM(P36,R36,T36,V36,X36) -> 3 | AA36: =Z36*2 -> 6
B37: 12 | C37: ='I1'!B26 -> 951323243012 | D37: ='I1'!C26 -> BENJAMINE FRANKLIN C | F37: ='I1'!D26 -> 2 | G37: ='I1'!E26 -> 2 | H37: ='I1'!F26 -> 2 | I37: ='I1'!G26 -> 2 | J37: ='I1'!H26 -> 2 | K37: ='I1'!I26+'I1'!J26 -> 0 | L37: ='I1'!K26+'I1'!L26 -> 7 | M37: ='I1'!M26+'I1'!N26 -> 0 | N37: ='I1'!O26+'I1'!P26 -> 7 | O37: ='I1'!Q26+'I1'!R26 -> 12 | P37: =SUMIF('BL-1'!$C$20:$L$20,"*",'IAT-1'!F37:O37) -> 16 | Q37: =ROUND(IFERROR(P37/P$25,0)*100,1) -> 69.6 | R37: =SUMIF('BL-1'!$C$21:$L$21,"*",'IAT-1'!F37:O37) -> 11 | S37: =ROUND(IFERROR(R37/R$25,0)*100,1) -> 61.1 | T37: =SUMIF('BL-1'!$C$22:$L$22,"*",'IAT-1'!F37:O37) -> 9 | U37: =ROUND(IFERROR(T37/T$25,0)*100,1) -> 100 | V37: =SUMIF('BL-1'!$C$23:$L$23,"*",'IAT-1'!F37:O37) -> 0 | W37: =ROUND(IFERROR(V37/V$25,0)*100,1) -> 0 | X37: =SUMIF('BL-1'!$C$24:$L$24,"*",'IAT-1'!F37:O37) -> 0 | Y37: =ROUND(IFERROR(X37/X$25,0)*100,1) -> 0 | Z37: =SUM(P37,R37,T37,V37,X37) -> 36 | AA37: =Z37*2 -> 72
... B81: 56 | C81: ='I1'!B70 -> 951323243059 | D81: ='I1'!C70 -> VIJAYAPRAKASH S | F81: ='I1'!D70 -> 0 | G81: ='I1'!E70 -> 0 | H81: ='I1'!F70 -> 0 | I81: ='I1'!G70 -> 0 | J81: ='I1'!H70 -> 0 | K81: ='I1'!I70+'I1'!J70 -> 0 | L81: ='I1'!K70+'I1'!L70 -> 0 | M81: ='I1'!M70+'I1'!N70 -> 0 | N81: ='I1'!O70+'I1'!P70 -> 0 | O81: ='I1'!Q70+'I1'!R70 -> 0 | P81: =SUMIF('BL-1'!$C$20:$L$20,"*",'IAT-1'!F81:O81) -> 0 | Q81: =ROUND(IFERROR(P81/P$25,0)*100,1) -> 0 | R81: =SUMIF('BL-1'!$C$21:$L$21,"*",'IAT-1'!F81:O81) -> 0 | S81: =ROUND(IFERROR(R81/R$25,0)*100,1) -> 0 | T81: =SUMIF('BL-1'!$C$22:$L$22,"*",'IAT-1'!F81:O81) -> 0 | U81: =ROUND(IFERROR(T81/T$25,0)*100,1) -> 0 | V81: =SUMIF('BL-1'!$C$23:$L$23,"*",'IAT-1'!F81:O81) -> 0 | W81: =ROUND(IFERROR(V81/V$25,0)*100,1) -> 0 | X81: =SUMIF('BL-1'!$C$24:$L$24,"*",'IAT-1'!F81:O81) -> 0 | Y81: =ROUND(IFERROR(X81/X$25,0)*100,1) -> 0 | Z81: =SUM(P81,R81,T81,V81,X81) -> 0 | AA81: =Z81*2 -> 0
B82: 57 | C82: ='I1'!B71 -> 951323243060 | D82: ='I1'!C71 -> VIJITHA BLESSY V | F82: ='I1'!D71 -> 0 | G82: ='I1'!E71 -> 0 | H82: ='I1'!F71 -> 2 | I82: ='I1'!G71 -> 0 | J82: ='I1'!H71 -> 0 | K82: ='I1'!I73+'I1'!J73 -> 0 | L82: ='I1'!K71+'I1'!L71 -> 5 | M82: ='I1'!M71+'I1'!N71 -> 6 | N82: ='I1'!O71+'I1'!P71 -> 3 | O82: ='I1'!Q71+'I1'!R71 -> 11 | P82: =SUMIF('BL-1'!$C$20:$L$20,"*",'IAT-1'!F82:O82) -> 11 | Q82: =ROUND(IFERROR(P82/P$25,0)*100,1) -> 47.8 | R82: =SUMIF('BL-1'!$C$21:$L$21,"*",'IAT-1'!F82:O82) -> 13 | S82: =ROUND(IFERROR(R82/R$25,0)*100,1) -> 72.2 | T82: =SUMIF('BL-1'!$C$22:$L$22,"*",'IAT-1'!F82:O82) -> 3 | U82: =ROUND(IFERROR(T82/T$25,0)*100,1) -> 33.3 | V82: =SUMIF('BL-1'!$C$23:$L$23,"*",'IAT-1'!F82:O82) -> 0 | W82: =ROUND(IFERROR(V82/V$25,0)*100,1) -> 0 | X82: =SUMIF('BL-1'!$C$24:$L$24,"*",'IAT-1'!F82:O82) -> 0 | Y82: =ROUND(IFERROR(X82/X$25,0)*100,1) -> 0 | Z82: =SUM(P82,R82,T82,V82,X82) -> 27 | AA82: =Z82*2 -> 54
E83: No. of students attained more than 50% of marks in the relevant CO | Q83: =COUNTIF(Q26:Q82,">=50") -> 42 | S83: =COUNTIF(S26:S82,">=50") -> 38 | U83: =COUNTIF(U26:U82,">=50") -> 39 | W83: =COUNTIF(W26:W82,">=50") -> 0 | Y83: =COUNTIF(Y26:Y82,">=50") -> 0
E84: Percentage of students obtained more than 50% marks in relevant CO | Q84: =ROUND(IFERROR(Q83/$Z$9,0)*100,1) -> 73.7 | S84: =ROUND(IFERROR(S83/$Z$9,0)*100,1) -> 66.7 | U84: =ROUND(IFERROR(U83/$Z$9,0)*100,1) -> 68.4 | W84: =ROUND(IFERROR(W83/$Z$9,0)*100,1) -> 0 | Y84: =ROUND(IFERROR(Y83/$Z$9,0)*100,1) -> 0
E85: Correlation Level | Q85: =IF(Q84>=60,3,IF(Q84>=50,2,IF(Q84>=40,1,0))) -> 3 | S85: =IF(S84>=60,3,IF(S84>=50,2,IF(S84>=40,1,0))) -> 3 | U85: =IF(U84>=60,3,IF(U84>=50,2,IF(U84>=40,1,0))) -> 3 | W85: =IF(W84>=60,3,IF(W84>=50,2,IF(W84>=40,1,0))) -> 0 | Y85: =IF(Y84>=60,3,IF(Y84>=50,2,IF(Y84>=40,1,0))) -> 0

Sheet IAT-2
E1: ='BL-1'!A1 -> JAYARAJ ANNAPACKIAM C. S. I. COLLEGE OF ENGINEERING
E2: ='BL-1'!A2 -> (Approved by AICTE, New Delhi and Affiliated to Anna University)
E3: ='BL-1'!A3 -> MARGOSCHIS NAGAR, NAZARETH - 628 617
E4: ='BL-1'!A4 -> DEPARTMENT OF ARTIFICIAL INTELLIGENCE AND DATA SCIENCE
E5: CO ATTAINMENT
E6: INTERNAL ASSESSMENT TEST - II
A8: ='IAT-1'!A8 -> COURSE CODE / NAME: CW3551 DATA AND INFORMATION SECURITY | G8: ='BL-1'!I9 -> CLASS : III ADS | K8: ='BL-1'!I8 -> BATCH: 2023-2027 | O8: ='BL-1'!M8 -> SEM:05
A9: ='IAT-1'!A9 -> COURSE INSTRUCTOR/DESIGNATION: G. ALISHA EVANGELINE,AP/ADS | F9: ='BL-1'!M9 -> DATE: | G9: ='BL-2'!M31 -> 45758 | J9: ='BL-1'!O9 -> TIME: | K9: 11:15-12:45 | N9: No. of Students in the Class: | U9: ='IAT-1'!$Z$9 -> 57 | Z9: ='IAT-1'!Z9 -> 57
A11: COURSE OUTCOMES: | O11: Attainment Level | T11: Description | AC11: Correlation Level
A12: ='BL-1'!A12 -> CO 1 | B12: ='BL-1'!B12 -> Understand the basics of data and information security | O12: 1 | T12: Students scoring more than 40% marks in the relevant CO | V12: Students scoring more than 40% marks in the relevant CO | AC12: Slight (1)
A13: ='BL-1'!A13 -> CO 2 | B13: ='BL-1'!B13 -> Understand the legal, ethical and professional issues in information security | O13: 2 | T13: Students scoring more than 50% marks in the relevant CO | V13: Students scoring more than 50% marks in the relevant CO | AC13: Moderate (2)
A14: ='BL-1'!A14 -> CO 3 | B14: ='BL-1'!B14 -> Understand the various authentication schemes to simulate different applications | O14: 3 | T14: Students scoring more than 60% marks in the relevant CO | V14: Students scoring more than 60% marks in the relevant CO | AC14: Substantial (3)
A15: ='BL-1'!A15 -> CO 4 | B15: ='BL-1'!B15 -> Understand various security practices and system security standards
A16: ='BL-1'!A16 -> CO 5 | B16: ='BL-1'!B16 -> Understand the web security protocols for E-commerce applications
D18: BLOOMS LEVEL
D19: L1: REMEMBER | E19: L2: UNDERSTAND | G19: L3: APPLY | I19: L4: ANALYSE | K19: L5: EVALUATE | M19: L6: CREATE | P19: MARK ALLOCATION
B20: S. No | C20: Reg. No. | D20: Name of the Student | E20: IAT-II | F20: Part A | K20: Part B | P20: CO 1 Attainment | R20: CO 2 Attainment | T20: CO 3 Attainment | V20: CO 4 Attainment | X20: CO 5 Attainment | Z20: TOTAL MARK
E21: Q.No. | F21: 1 | G21: 2 | H21: 3 | I21: 4 | J21: 5 | K21: 6 | L21: 7 | M21: 8 | N21: 9 | O21: 10
E23: CO | F23: =IF('BL-2'!C20="ü",1,IF('BL-2'!C21="ü",2,IF('BL-2'!C22="ü",3,IF('BL-2'!C23="ü",4,IF('BL-2'!C24="ü",5,0))))) -> 3 | G23: =IF('BL-2'!D20="ü",1,IF('BL-2'!D21="ü",2,IF('BL-2'!D22="ü",3,IF('BL-2'!D23="ü",4,IF('BL-2'!D24="ü",5,0))))) -> 4 | H23: =IF('BL-2'!E20="ü",1,IF('BL-2'!E21="ü",2,IF('BL-2'!E22="ü",3,IF('BL-2'!E23="ü",4,IF('BL-2'!E24="ü",5,0))))) -> 4 | I23: =IF('BL-2'!F20="ü",1,IF('BL-2'!F21="ü",2,IF('BL-2'!F22="ü",3,IF('BL-2'!F23="ü",4,IF('BL-2'!F24="ü",5,0))))) -> 5 | J23: =IF('BL-2'!G20="ü",1,IF('BL-2'!G21="ü",2,IF('BL-2'!G22="ü",3,IF('BL-2'!G23="ü",4,IF('BL-2'!G24="ü",5,0))))) -> 5 | K23: =IF('BL-2'!H20="ü",1,IF('BL-2'!H21="ü",2,IF('BL-2'!H22="ü",3,IF('BL-2'!H23="ü",4,IF('BL-2'!H24="ü",5,0))))) -> 3 | L23: =IF('BL-2'!I20="ü",1,IF('BL-2'!I21="ü",2,IF('BL-2'!I22="ü",3,IF('BL-2'!I23="ü",4,IF('BL-2'!I24="ü",5,0))))) -> 4 | M23: =IF('BL-2'!J20="ü",1,IF('BL-2'!J21="ü",2,IF('BL-2'!J22="ü",3,IF('BL-2'!J23="ü",4,IF('BL-2'!J24="ü",5,0))))) -> 4 | ... O23: =IF('BL-2'!L20="ü",1,IF('BL-2'!L21="ü",2,IF('BL-2'!L22="ü",3,IF('BL-2'!L23="ü",4,IF('BL-2'!L24="ü",5,0))))) -> 5
E24: BL | F24: =IF('BL-2'!C25="ü","L1",IF('BL-2'!C26="ü","L2",IF('BL-2'!C27="ü","L3",IF('BL-2'!C28="ü","L4",IF('BL-2'!C29="ü","L5","L6"))))) -> L2 | G24: =IF('BL-2'!D25="ü","L1",IF('BL-2'!D26="ü","L2",IF('BL-2'!D27="ü","L3",IF('BL-2'!D28="ü","L4",IF('BL-2'!D29="ü","L5","L6"))))) -> L4 | H24: =IF('BL-2'!E25="ü","L1",IF('BL-2'!E26="ü","L2",IF('BL-2'!E27="ü","L3",IF('BL-2'!E28="ü","L4",IF('BL-2'!E29="ü","L5","L6"))))) -> L1 | I24: =IF('BL-2'!F25="ü","L1",IF('BL-2'!F26="ü","L2",IF('BL-2'!F27="ü","L3",IF('BL-2'!F28="ü","L4",IF('BL-2'!F29="ü","L5","L6"))))) -> L2 | J24: =IF('BL-2'!G25="ü","L1",IF('BL-2'!G26="ü","L2",IF('BL-2'!G27="ü","L3",IF('BL-2'!G28="ü","L4",IF('BL-2'!G29="ü","L5","L6"))))) -> L2 | K24: =IF('BL-2'!H25="ü","L1",IF('BL-2'!H26="ü","L2",IF('BL-2'!H27="ü","L3",IF('BL-2'!H28="ü","L4",IF('BL-2'!H29="ü","L5","L6"))))) -> L2 | L24: =IF('BL-2'!I25="ü","L1",IF('BL-2'!I26="ü","L2",IF('BL-2'!I27="ü","L3",IF('BL-2'!I28="ü","L4",IF('BL-2'!I29="ü","L5","L6"))))) -> L2 | M24: =IF('BL-2'!J25="ü","L1",IF('BL-2'!J26="ü","L2",IF('BL-2'!J27="ü","L3",IF('BL-2'!J28="ü","L4",IF('BL-2'!J29="ü","L5","L6"))))) -> L4 | ... O24: =IF('BL-2'!L25="ü","L1",IF('BL-2'!L26="ü","L2",IF('BL-2'!L27="ü","L3",IF('BL-2'!L28="ü","L4",IF('BL-2'!L29="ü","L5","L6"))))) -> L6
E25: MARK | F25: 2 | G25: 2 | H25: 2 | I25: 2 | J25: 2 | K25: 7 | L25: 7 | M25: 7 | N25: 7 | O25: 12 | P25: =SUMIF('BL-2'!$C$20:$L$20,"*",'IAT-2'!F25:O25) -> 0 | Q25: 100 | R25: =SUMIF('BL-2'!$C$21:$L$21,"*",'IAT-2'!F25:O25) -> 0 | S25: 100 | T25: =SUMIF('BL-2'!$C$22:$L$22,"*",'IAT-2'!F25:O25) -> 9 | U25: 100 | V25: =SUMIF('BL-2'!$C$23:$L$23,"*",'IAT-2'!F25:O25) -> 18 | W25: 100 | X25: =SUMIF('BL-2'!$C$24:$L$24,"*",'IAT-2'!F25:O25) -> 23 | Y25: 100 | Z25: 50 | AA25: =Z25*2 -> 100
B26: 1 | C26: ='IAT-1'!C26 -> 951323243001 | D26: ='IAT-1'!D26 -> ABINAYA S | F26: ='I2'!D15 -> 2 | G26: ='I2'!E15 -> 1 | H26: ='I2'!F15 -> 0 | I26: ='I2'!G15 -> 1 | J26: ='I2'!H15 -> 0 | K26: ='I2'!I15+'I2'!J15 -> 6 | L26: ='I2'!K15+'I2'!L15 -> 5 | M26: ='I2'!M15+'I2'!N15 -> 0 | N26: ='I2'!O15+'I2'!P15 -> 0 | O26: ='I2'!Q15+'I2'!R15 -> 11 | P26: =SUMIF('BL-2'!$C$20:$L$20,"*",'IAT-2'!F26:O26) -> 0 | Q26: =ROUND(IFERROR(P26/P$25,0)*100,1) -> 0 | R26: =SUMIF('BL-2'!$C$21:$L$21,"*",'IAT-2'!F26:O26) -> 0 | S26: =ROUND(IFERROR(R26/R$25,0)*100,1) -> 0 | T26: =SUMIF('BL-2'!$C$22:$L$22,"*",'IAT-2'!F26:O26) -> 8 | U26: =ROUND(IFERROR(T26/T$25,0)*100,1) -> 88.9 | V26: =SUMIF('BL-2'!$C$23:$L$23,"ü",'IAT-2'!F26:O26) -> 6 | W26: =ROUND(IFERROR(V26/V$25,0)*100,1) -> 33.3 | X26: =SUMIF('BL-2'!$C$24:$L$24,"*",'IAT-2'!F26:O26) -> 12 | Y26: =ROUND(IFERROR(X26/X$25,0)*100,1) -> 52.2 | Z26: =SUM(P26,R26,T26,V26,X26) -> 26 | AA26: =Z26*2 -> 52
B27: 2 | C27: ='IAT-1'!C27 -> 951323243002 | D27: ='IAT-1'!D27 -> ABISHEK S | F27: ='I2'!D16 -> 0 | G27: ='I2'!E16 -> 0 | H27: ='I2'!F16 -> 0 | I27: ='I2'!G16 -> 0 | J27: ='I2'!H16 -> 0 | K27: ='I2'!I16+'I2'!J16 -> 0 | L27: ='I2'!K16+'I2'!L16 -> 0 | M27: ='I2'!M16+'I2'!N16 -> 0 | N27: ='I2'!O16+'I2'!P16 -> 0 | O27: ='I2'!Q16+'I2'!R16 -> 0 | P27: =SUMIF('BL-2'!$C$20:$L$20,"*",'IAT-2'!F27:O27) -> 0 | Q27: =ROUND(IFERROR(P27/P$25,0)*100,1) -> 0 | R27: =SUMIF('BL-2'!$C$21:$L$21,"*",'IAT-2'!F27:O27) -> 0 | S27: =ROUND(IFERROR(R27/R$25,0)*100,1) -> 0 | T27: =SUMIF('BL-2'!$C$22:$L$22,"*",'IAT-2'!F27:O27) -> 0 | U27: =ROUND(IFERROR(T27/T$25,0)*100,1) -> 0 | V27: =SUMIF('BL-2'!$C$23:$L$23,"ü",'IAT-2'!F27:O27) -> 0 | W27: =ROUND(IFERROR(V27/V$25,0)*100,1) -> 0 | X27: =SUMIF('BL-2'!$C$24:$L$24,"*",'IAT-2'!F27:O27) -> 0 | Y27: =ROUND(IFERROR(X27/X$25,0)*100,1) -> 0 | Z27: =SUM(P27,R27,T27,V27,X27) -> 0 | AA27: =Z27*2 -> 0
B28: 3 | C28: ='IAT-1'!C28 -> 951323243003 | D28: ='IAT-1'!D28 -> AJEETHA S | F28: ='I2'!D17 -> 0 | G28: ='I2'!E17 -> 0 | H28: ='I2'!F17 -> 0 | I28: ='I2'!G17 -> 0 | J28: ='I2'!H17 -> 0 | K28: ='I2'!I17+'I2'!J17 -> 0 | L28: ='I2'!K17+'I2'!L17 -> 0 | M28: ='I2'!M17+'I2'!N17 -> 0 | N28: ='I2'!O17+'I2'!P17 -> 0 | O28: ='I2'!Q17+'I2'!R17 -> 0 | P28: =SUMIF('BL-2'!$C$20:$L$20,"*",'IAT-2'!F28:O28) -> 0 | Q28: =ROUND(IFERROR(P28/P$25,0)*100,1) -> 0 | R28: =SUMIF('BL-2'!$C$21:$L$21,"*",'IAT-2'!F28:O28) -> 0 | S28: =ROUND(IFERROR(R28/R$25,0)*100,1) -> 0 | T28: =SUMIF('BL-2'!$C$22:$L$22,"*",'IAT-2'!F28:O28) -> 0 | U28: =ROUND(IFERROR(T28/T$25,0)*100,1) -> 0 | V28: =SUMIF('BL-2'!$C$23:$L$23,"ü",'IAT-2'!F28:O28) -> 0 | W28: =ROUND(IFERROR(V28/V$25,0)*100,1) -> 0 | X28: =SUMIF('BL-2'!$C$24:$L$24,"*",'IAT-2'!F28:O28) -> 0 | Y28: =ROUND(IFERROR(X28/X$25,0)*100,1) -> 0 | Z28: =SUM(P28,R28,T28,V28,X28) -> 0 | AA28: =Z28*2 -> 0
B29: 4 | C29: ='IAT-1'!C29 -> 951323243004 | D29: ='IAT-1'!D29 -> AJIM FAYAZ K M S | F29: ='I2'!D18 -> 2 | G29: ='I2'!E18 -> 2 | H29: ='I2'!F18 -> 2 | I29: ='I2'!G18 -> 2 | J29: ='I2'!H18 -> 2 | K29: ='I2'!I18+'I2'!J18 -> 0 | L29: ='I2'!K18+'I2'!L18 -> 0 | M29: ='I2'!M18+'I2'!N18 -> 0 | N29: ='I2'!O18+'I2'!P18 -> 4 | O29: ='I2'!Q18+'I2'!R18 -> 0 | P29: =SUMIF('BL-2'!$C$20:$L$20,"*",'IAT-2'!F29:O29) -> 0 | Q29: =ROUND(IFERROR(P29/P$25,0)*100,1) -> 0 | R29: =SUMIF('BL-2'!$C$21:$L$21,"*",'IAT-2'!F29:O29) -> 0 | S29: =ROUND(IFERROR(R29/R$25,0)*100,1) -> 0 | T29: =SUMIF('BL-2'!$C$22:$L$22,"*",'IAT-2'!F29:O29) -> 2 | U29: =ROUND(IFERROR(T29/T$25,0)*100,1) -> 22.2 | V29: =SUMIF('BL-2'!$C$23:$L$23,"ü",'IAT-2'!F29:O29) -> 4 | W29: =ROUND(IFERROR(V29/V$25,0)*100,1) -> 22.2 | X29: =SUMIF('BL-2'!$C$24:$L$24,"*",'IAT-2'!F29:O29) -> 8 | Y29: =ROUND(IFERROR(X29/X$25,0)*100,1) -> 34.8 | Z29: =SUM(P29,R29,T29,V29,X29) -> 14 | AA29: =Z29*2 -> 28
B30: 5 | C30: ='IAT-1'!C30 -> 951323243005 | D30: ='IAT-1'!D30 -> ALPHONES CRUZ NAVEEN J | F30: ='I2'!D19 -> 1 | G30: ='I2'!E19 -> 2 | H30: ='I2'!F19 -> 2 | I30: ='I2'!G19 -> 2 | J30: ='I2'!H19 -> 1 | K30: ='I2'!I19+'I2'!J19 -> 6 | L30: ='I2'!K19+'I2'!L19 -> 0 | M30: ='I2'!M19+'I2'!N19 -> 0 | N30: ='I2'!O19+'I2'!P19 -> 0 | O30: ='I2'!Q19+'I2'!R19 -> 0 | P30: =SUMIF('BL-2'!$C$20:$L$20,"*",'IAT-2'!F30:O30) -> 0 | Q30: =ROUND(IFERROR(P30/P$25,0)*100,1) -> 0 | R30: =SUMIF('BL-2'!$C$21:$L$21,"*",'IAT-2'!F30:O30) -> 0 | S30: =ROUND(IFERROR(R30/R$25,0)*100,1) -> 0 | T30: =SUMIF('BL-2'!$C$22:$L$22,"*",'IAT-2'!F30:O30) -> 7 | U30: =ROUND(IFERROR(T30/T$25,0)*100,1) -> 77.8 | V30: =SUMIF('BL-2'!$C$23:$L$23,"ü",'IAT-2'!F30:O30) -> 4 | W30: =ROUND(IFERROR(V30/V$25,0)*100,1) -> 22.2 | X30: =SUMIF('BL-2'!$C$24:$L$24,"*",'IAT-2'!F30:O30) -> 3 | Y30: =ROUND(IFERROR(X30/X$25,0)*100,1) -> 13 | Z30: =SUM(P30,R30,T30,V30,X30) -> 14 | AA30: =Z30*2 -> 28
B31: 6 | C31: ='IAT-1'!C31 -> 951323243006 | D31: ='IAT-1'!D31 -> ANGEL AGNES D | F31: ='I2'!D20 -> 2 | G31: ='I2'!E20 -> 1 | H31: ='I2'!F20 -> 2 | I31: ='I2'!G20 -> 2 | J31: ='I2'!H20 -> 1 | K31: ='I2'!I20+'I2'!J20 -> 7 | L31: ='I2'!K20+'I2'!L20 -> 6 | M31: ='I2'!M20+'I2'!N20 -> 5 | N31: ='I2'!O20+'I2'!P20 -> 6 | O31: ='I2'!Q20+'I2'!R20 -> 11 | P31: =SUMIF('BL-2'!$C$20:$L$20,"*",'IAT-2'!F31:O31) -> 0 | Q31: =ROUND(IFERROR(P31/P$25,0)*100,1) -> 0 | R31: =SUMIF('BL-2'!$C$21:$L$21,"*",'IAT-2'!F31:O31) -> 0 | S31: =ROUND(IFERROR(R31/R$25,0)*100,1) -> 0 | T31: =SUMIF('BL-2'!$C$22:$L$22,"*",'IAT-2'!F31:O31) -> 9 | U31: =ROUND(IFERROR(T31/T$25,0)*100,1) -> 100 | V31: =SUMIF('BL-2'!$C$23:$L$23,"ü",'IAT-2'!F31:O31) -> 14 | W31: =ROUND(IFERROR(V31/V$25,0)*100,1) -> 77.8 | X31: =SUMIF('BL-2'!$C$24:$L$24,"*",'IAT-2'!F31:O31) -> 20 | Y31: =ROUND(IFERROR(X31/X$25,0)*100,1) -> 87 | Z31: =SUM(P31,R31,T31,V31,X31) -> 43 | AA31: =Z31*2 -> 86
B32: 7 | C32: ='IAT-1'!C32 -> 951323243007 | D32: ='IAT-1'!D32 -> ANUSHA P | F32: ='I2'!D21 -> 2 | G32: ='I2'!E21 -> 1 | H32: ='I2'!F21 -> 2 | I32: ='I2'!G21 -> 2 | J32: ='I2'!H21 -> 2 | K32: ='I2'!I21+'I2'!J21 -> 7 | L32: ='I2'!K21+'I2'!L21 -> 7 | M32: ='I2'!M21+'I2'!N21 -> 7 | N32: ='I2'!O21+'I2'!P21 -> 7 | O32: ='I2'!Q21+'I2'!R21 -> 12 | P32: =SUMIF('BL-2'!$C$20:$L$20,"*",'IAT-2'!F32:O32) -> 0 | Q32: =ROUND(IFERROR(P32/P$25,0)*100,1) -> 0 | R32: =SUMIF('BL-2'!$C$21:$L$21,"*",'IAT-2'!F32:O32) -> 0 | S32: =ROUND(IFERROR(R32/R$25,0)*100,1) -> 0 | T32: =SUMIF('BL-2'!$C$22:$L$22,"*",'IAT-2'!F32:O32) -> 9 | U32: =ROUND(IFERROR(T32/T$25,0)*100,1) -> 100 | V32: =SUMIF('BL-2'!$C$23:$L$23,"ü",'IAT-2'!F32:O32) -> 17 | W32: =ROUND(IFERROR(V32/V$25,0)*100,1) -> 94.4 | X32: =SUMIF('BL-2'!$C$24:$L$24,"*",'IAT-2'!F32:O32) -> 23 | Y32: =ROUND(IFERROR(X32/X$25,0)*100,1) -> 100 | Z32: =SUM(P32,R32,T32,V32,X32) -> 49 | AA32: =Z32*2 -> 98
B33: 8 | C33: ='IAT-1'!C33 -> 951323243008 | D33: ='IAT-1'!D33 -> ARIBA M | F33: ='I2'!D22 -> 1 | G33: ='I2'!E22 -> 0 | H33: ='I2'!F22 -> 0 | I33: ='I2'!G22 -> 1 | J33: ='I2'!H22 -> 1 | K33: ='I2'!I22+'I2'!J22 -> 5 | L33: ='I2'!K22+'I2'!L22 -> 7 | M33: ='I2'!M22+'I2'!N22 -> 0 | N33: ='I2'!O22+'I2'!P22 -> 7 | O33: ='I2'!Q22+'I2'!R22 -> 12 | P33: =SUMIF('BL-2'!$C$20:$L$20,"*",'IAT-2'!F33:O33) -> 0 | Q33: =ROUND(IFERROR(P33/P$25,0)*100,1) -> 0 | R33: =SUMIF('BL-2'!$C$21:$L$21,"*",'IAT-2'!F33:O33) -> 0 | S33: =ROUND(IFERROR(R33/R$25,0)*100,1) -> 0 | T33: =SUMIF('BL-2'!$C$22:$L$22,"*",'IAT-2'!F33:O33) -> 6 | U33: =ROUND(IFERROR(T33/T$25,0)*100,1) -> 66.7 | V33: =SUMIF('BL-2'!$C$23:$L$23,"ü",'IAT-2'!F33:O33) -> 7 | W33: =ROUND(IFERROR(V33/V$25,0)*100,1) -> 38.9 | X33: =SUMIF('BL-2'!$C$24:$L$24,"*",'IAT-2'!F33:O33) -> 21 | Y33: =ROUND(IFERROR(X33/X$25,0)*100,1) -> 91.3 | Z33: =SUM(P33,R33,T33,V33,X33) -> 34 | AA33: =Z33*2 -> 68
B34: 9 | C34: ='IAT-1'!C34 -> 951323243009 | D34: ='IAT-1'!D34 -> BALADHARSHINI S | F34: ='I2'!D23 -> 1 | G34: ='I2'!E23 -> 1 | H34: ='I2'!F23 -> 2 | I34: ='I2'!G23 -> 2 | J34: ='I2'!H23 -> 1 | K34: ='I2'!I23+'I2'!J23 -> 6 | L34: ='I2'!K23+'I2'!L23 -> 6 | M34: ='I2'!M23+'I2'!N23 -> 6 | N34: ='I2'!O23+'I2'!P23 -> 6 | O34: ='I2'!Q23+'I2'!R23 -> 11 | P34: =SUMIF('BL-2'!$C$20:$L$20,"*",'IAT-2'!F34:O34) -> 0 | Q34: =ROUND(IFERROR(P34/P$25,0)*100,1) -> 0 | R34: =SUMIF('BL-2'!$C$21:$L$21,"*",'IAT-2'!F34:O34) -> 0 | S34: =ROUND(IFERROR(R34/R$25,0)*100,1) -> 0 | T34: =SUMIF('BL-2'!$C$22:$L$22,"*",'IAT-2'!F34:O34) -> 7 | U34: =ROUND(IFERROR(T34/T$25,0)*100,1) -> 77.8 | V34: =SUMIF('BL-2'!$C$23:$L$23,"ü",'IAT-2'!F34:O34) -> 15 | W34: =ROUND(IFERROR(V34/V$25,0)*100,1) -> 83.3 | X34: =SUMIF('BL-2'!$C$24:$L$24,"*",'IAT-2'!F34:O34) -> 20 | Y34: =ROUND(IFERROR(X34/X$25,0)*100,1) -> 87 | Z34: =SUM(P34,R34,T34,V34,X34) -> 42 | AA34: =Z34*2 -> 84
B35: 10 | C35: ='IAT-1'!C35 -> 951323243010 | D35: ='IAT-1'!D35 -> BALASANKAR AYYAPPAN M | F35: ='I2'!D24 -> 2 | G35: ='I2'!E24 -> 2 | H35: ='I2'!F24 -> 1 | I35: ='I2'!G24 -> 2 | J35: ='I2'!H24 -> 2 | K35: ='I2'!I24+'I2'!J24 -> 4 | L35: ='I2'!K24+'I2'!L24 -> 2 | M35: ='I2'!M24+'I2'!N24 -> 6 | N35: ='I2'!O24+'I2'!P24 -> 7 | O35: ='I2'!Q24+'I2'!R24 -> 11 | P35: =SUMIF('BL-2'!$C$20:$L$20,"*",'IAT-2'!F35:O35) -> 0 | Q35: =ROUND(IFERROR(P35/P$25,0)*100,1) -> 0 | R35: =SUMIF('BL-2'!$C$21:$L$21,"*",'IAT-2'!F35:O35) -> 0 | S35: =ROUND(IFERROR(R35/R$25,0)*100,1) -> 0 | T35: =SUMIF('BL-2'!$C$22:$L$22,"*",'IAT-2'!F35:O35) -> 6 | U35: =ROUND(IFERROR(T35/T$25,0)*100,1) -> 66.7 | V35: =SUMIF('BL-2'!$C$23:$L$23,"ü",'IAT-2'!F35:O35) -> 11 | W35: =ROUND(IFERROR(V35/V$25,0)*100,1) -> 61.1 | X35: =SUMIF('BL-2'!$C$24:$L$24,"*",'IAT-2'!F35:O35) -> 22 | Y35: =ROUND(IFERROR(X35/X$25,0)*100,1) -> 95.7 | Z35: =SUM(P35,R35,T35,V35,X35) -> 39 | AA35: =Z35*2 -> 78
B36: 11 | C36: ='IAT-1'!C36 -> 951323243011 | D36: ='IAT-1'!D36 -> BALA SRI RAM G | F36: ='I2'!D25 -> 2 | G36: ='I2'!E25 -> 1 | H36: ='I2'!F25 -> 2 | I36: ='I2'!G25 -> 1 | J36: ='I2'!H25 -> 2 | K36: ='I2'!I25+'I2'!J25 -> 0 | L36: ='I2'!K25+'I2'!L25 -> 0 | M36: ='I2'!M25+'I2'!N25 -> 0 | N36: ='I2'!O25+'I2'!P25 -> 0 | O36: ='I2'!Q25+'I2'!R25 -> 11 | P36: =SUMIF('BL-2'!$C$20:$L$20,"*",'IAT-2'!F36:O36) -> 0 | Q36: =ROUND(IFERROR(P36/P$25,0)*100,1) -> 0 | R36: =SUMIF('BL-2'!$C$21:$L$21,"*",'IAT-2'!F36:O36) -> 0 | S36: =ROUND(IFERROR(R36/R$25,0)*100,1) -> 0 | T36: =SUMIF('BL-2'!$C$22:$L$22,"*",'IAT-2'!F36:O36) -> 2 | U36: =ROUND(IFERROR(T36/T$25,0)*100,1) -> 22.2 | V36: =SUMIF('BL-2'!$C$23:$L$23,"ü",'IAT-2'!F36:O36) -> 3 | W36: =ROUND(IFERROR(V36/V$25,0)*100,1) -> 16.7 | X36: =SUMIF('BL-2'!$C$24:$L$24,"*",'IAT-2'!F36:O36) -> 14 | Y36: =ROUND(IFERROR(X36/X$25,0)*100,1) -> 60.9 | Z36: =SUM(P36,R36,T36,V36,X36) -> 19 | AA36: =Z36*2 -> 38
B37: 12 | C37: ='IAT-1'!C37 -> 951323243012 | D37: ='IAT-1'!D37 -> BENJAMINE FRANKLIN C | F37: ='I2'!D26 -> 2 | G37: ='I2'!E26 -> 2 | H37: ='I2'!F26 -> 1 | I37: ='I2'!G26 -> 2 | J37: ='I2'!H26 -> 2 | K37: ='I2'!I26+'I2'!J26 -> 0 | L37: ='I2'!K26+'I2'!L26 -> 2 | M37: ='I2'!M26+'I2'!N26 -> 0 | N37: ='I2'!O26+'I2'!P26 -> 6 | O37: ='I2'!Q26+'I2'!R26 -> 10 | P37: =SUMIF('BL-2'!$C$20:$L$20,"*",'IAT-2'!F37:O37) -> 0 | Q37: =ROUND(IFERROR(P37/P$25,0)*100,1) -> 0 | R37: =SUMIF('BL-2'!$C$21:$L$21,"*",'IAT-2'!F37:O37) -> 0 | S37: =ROUND(IFERROR(R37/R$25,0)*100,1) -> 0 | T37: =SUMIF('BL-2'!$C$22:$L$22,"*",'IAT-2'!F37:O37) -> 2 | U37: =ROUND(IFERROR(T37/T$25,0)*100,1) -> 22.2 | V37: =SUMIF('BL-2'!$C$23:$L$23,"ü",'IAT-2'!F37:O37) -> 5 | W37: =ROUND(IFERROR(V37/V$25,0)*100,1) -> 27.8 | X37: =SUMIF('BL-2'!$C$24:$L$24,"*",'IAT-2'!F37:O37) -> 20 | Y37: =ROUND(IFERROR(X37/X$25,0)*100,1) -> 87 | Z37: =SUM(P37,R37,T37,V37,X37) -> 27 | AA37: =Z37*2 -> 54
... B82: 57 | C82: ='IAT-1'!C82 -> 951323243060 | D82: ='IAT-1'!D82 -> VIJITHA BLESSY V | F82: ='I2'!D71 -> 0 | G82: ='I2'!E71 -> 0 | H82: ='I2'!F71 -> 0 | I82: ='I2'!G71 -> 0 | J82: ='I2'!H71 -> 0 | K82: ='I2'!I71+'I2'!J71 -> 0 | L82: ='I2'!K71+'I2'!L71 -> 0 | M82: ='I2'!M71+'I2'!N71 -> 0 | N82: ='I2'!O71+'I2'!P71 -> 0 | O82: ='I2'!Q71+'I2'!R71 -> 0 | P82: =SUMIF('BL-2'!$C$20:$L$20,"*",'IAT-2'!F82:O82) -> 0 | Q82: =ROUND(IFERROR(P82/P$25,0)*100,1) -> 0 | R82: =SUMIF('BL-2'!$C$21:$L$21,"*",'IAT-2'!F82:O82) -> 0 | S82: =ROUND(IFERROR(R82/R$25,0)*100,1) -> 0 | T82: =SUMIF('BL-2'!$C$22:$L$22,"*",'IAT-2'!F82:O82) -> 0 | U82: =ROUND(IFERROR(T82/T$25,0)*100,1) -> 0 | V82: =SUMIF('BL-2'!$C$23:$L$23,"ü",'IAT-2'!F82:O82) -> 0 | W82: =ROUND(IFERROR(V82/V$25,0)*100,1) -> 0 | X82: =SUMIF('BL-2'!$C$24:$L$24,"*",'IAT-2'!F82:O82) -> 0 | Y82: =ROUND(IFERROR(X82/X$25,0)*100,1) -> 0 | Z82: =SUM(P82,R82,T82,V82,X82) -> 0 | AA82: =Z82*2 -> 0
B83: No. of students attained more than 50% of marks in the relevant CO | Q83: =COUNTIF(Q26:Q82,">=50") -> 0 | S83: =COUNTIF(S26:S82,">=50") -> 0 | U83: =COUNTIF(U26:U82,">=50") -> 36 | W83: =COUNTIF(W26:W82,">=50") -> 22 | Y83: =COUNTIF(Y26:Y82,">=50") -> 44
B84: Percentage of students obtained more than 50% marks in relevant CO | Q84: =ROUND(IFERROR(Q83/$Z$9,0)*100,1) -> 0 | S84: =ROUND(IFERROR(S83/$Z$9,0)*100,1) -> 0 | U84: =ROUND(IFERROR(U83/$Z$9,0)*100,1) -> 63.2 | W84: =ROUND(IFERROR(W83/$Z$9,0)*100,1) -> 38.6 | Y84: =ROUND(IFERROR(Y83/$Z$9,0)*100,1) -> 77.2
B85: Correlation Level | Q85: =IF(Q84>=60,3,IF(Q84>=50,2,IF(Q84>=40,1,0))) -> 0 | S85: =IF(S84>=60,3,IF(S84>=50,2,IF(S84>=40,1,0))) -> 0 | U85: =IF(U84>=60,3,IF(U84>=50,2,IF(U84>=40,1,0))) -> 3 | W85: =IF(W84>=60,3,IF(W84>=50,2,IF(W84>=40,1,0))) -> 0 | Y85: =IF(Y84>=60,3,IF(Y84>=50,2,IF(Y84>=40,1,0))) -> 3

Sheet IAT-3
E1: ='IAT-2'!E1 -> JAYARAJ ANNAPACKIAM C. S. I. COLLEGE OF ENGINEERING
E2: ='IAT-2'!E2 -> (Approved by AICTE, New Delhi and Affiliated to Anna University)
E3: ='IAT-2'!E3 -> MARGOSCHIS NAGAR, NAZARETH - 628 617
E4: ='IAT-2'!E4 -> DEPARTMENT OF ARTIFICIAL INTELLIGENCE AND DATA SCIENCE
E5: CO ATTAINMENT
E6: INTERNAL ASSESSMENT TEST - III
A8: ='IAT-1'!A8 -> COURSE CODE / NAME: CW3551 DATA AND INFORMATION SECURITY | G8: ='BL-1'!I9 -> CLASS : III ADS | K8: ='BL-1'!I8 -> BATCH: 2023-2027 | O8: ='BL-1'!M8 -> SEM:05
A9: ='IAT-1'!A9 -> COURSE INSTRUCTOR/DESIGNATION: G. ALISHA EVANGELINE,AP/ADS | F9: ='BL-1'!M9 -> DATE: | G9: ='BL-3'!M31 -> 45246 | J9: ='BL-1'!O9 -> TIME: | K9: 11:15-12:45 | N9: No. of Students in the Class: | U9: ='IAT-1'!$Z$9 -> 57 | Z9: ='IAT-1'!$Z$9 -> 57
A11: COURSE OUTCOMES: | O11: Attainment Level | X11: Description
B12: ='BL-1'!A12 -> CO 1 | C12: ='BL-1'!B12 -> Understand the basics of data and information security | O12: 1 | X12: 60% and above students scoring more than 60% marks in the relevant CO
B13: ='BL-1'!A13 -> CO 2 | C13: ='BL-1'!B13 -> Understand the legal, ethical and professional issues in information security | O13: 2 | X13: 70% and above students scoring more than 60% marks in the relevant CO
B14: ='BL-1'!A14 -> CO 3 | C14: ='BL-1'!B14 -> Understand the various authentication schemes to simulate different applications | O14: 3 | X14: 80% and above students scoring more than 60% marks in the relevant CO
B15: ='BL-1'!A15 -> CO 4 | C15: ='BL-1'!B15 -> Understand various security practices and system security standards
B16: ='BL-1'!A16 -> CO 5 | C16: ='BL-1'!B16 -> Understand the web security protocols for E-commerce applications
D18: BLOOMS LEVEL
D19: L1: REMEMBER | E19: L2: UNDERSTAND | G19: L3: APPLY | I19: L4: ANALYSE | K19: L5: EVALUATE | M19: L6: CREATE | R19: MARK ALLOCATION
B20: S. No | C20: Reg. No. | D20: Name of the Student | E20: IAT-III | F20: Part A | K20: Part B | P20: CO 1 Attainment | R20: CO 2 Attainment | T20: CO 3 Attainment | V20: CO 4 Attainment | X20: CO 5 Attainment | Z20: TOTAL MARK
E21: Q.No. | F21: 1 | G21: 2 | H21: 3 | I21: 4 | J21: 5 | K21: 6 | L21: 7 | M21: 8 | N21: 9 | O21: 10
E23: CO | F23: 5 | G23: 5 | H23: 5 | I23: 5 | J23: 5 | K23: 5 | L23: 5 | M23: 5 | N23: 5 | O23: 5
E24: BL | F24: =IF('BL-3'!C25="ü","L1",IF('BL-3'!C26="ü","L2",IF('BL-3'!C27="ü","L3",IF('BL-3'!C28="ü","L4",IF('BL-3'!C29="ü","L5","L6"))))) -> L6 | G24: =IF('BL-3'!D25="ü","L1",IF('BL-3'!D26="ü","L2",IF('BL-3'!D27="ü","L3",IF('BL-3'!D28="ü","L4",IF('BL-3'!D29="ü","L5","L6"))))) -> L6 | H24: =IF('BL-3'!E25="ü","L1",IF('BL-3'!E26="ü","L2",IF('BL-3'!E27="ü","L3",IF('BL-3'!E28="ü","L4",IF('BL-3'!E29="ü","L5","L6"))))) -> L6 | I24: =IF('BL-3'!F25="ü","L1",IF('BL-3'!F26="ü","L2",IF('BL-3'!F27="ü","L3",IF('BL-3'!F28="ü","L4",IF('BL-3'!F29="ü","L5","L6"))))) -> L6 | J24: =IF('BL-3'!G25="ü","L1",IF('BL-3'!G26="ü","L2",IF('BL-3'!G27="ü","L3",IF('BL-3'!G28="ü","L4",IF('BL-3'!G29="ü","L5","L6"))))) -> L6 | K24: =IF('BL-3'!H25="ü","L1",IF('BL-3'!H26="ü","L2",IF('BL-3'!H27="ü","L3",IF('BL-3'!H28="ü","L4",IF('BL-3'!H29="ü","L5","L6"))))) -> L6 | L24: =IF('BL-3'!I25="ü","L1",IF('BL-3'!I26="ü","L2",IF('BL-3'!I27="ü","L3",IF('BL-3'!I28="ü","L4",IF('BL-3'!I29="ü","L5","L6"))))) -> L6 | M24: =IF('BL-3'!J25="ü","L1",IF('BL-3'!J26="ü","L2",IF('BL-3'!J27="ü","L3",IF('BL-3'!J28="ü","L4",IF('BL-3'!J29="ü","L5","L6"))))) -> L6 | ... O24: =IF('BL-3'!L25="ü","L1",IF('BL-3'!L26="ü","L2",IF('BL-3'!L27="ü","L3",IF('BL-3'!L28="ü","L4",IF('BL-3'!L29="ü","L5","L6"))))) -> L6
E25: MARK | F25: 2 | G25: 2 | H25: 2 | I25: 2 | J25: 2 | K25: 8 | L25: 8 | M25: 8 | N25: 8 | O25: 8 | P25: =SUMIF('BL-3'!$C$20:$L$20,"*",'IAT-3'!F25:O25) -> 0 | Q25: 100 | R25: =SUMIF('BL-3'!$C$21:$L$21,"*",'IAT-3'!F25:O25) -> 0 | S25: 100 | T25: =SUMIF('BL-3'!$C$22:$L$22,"*",'IAT-3'!F25:O25) -> 0 | U25: 100 | V25: =SUMIF('BL-3'!$C$23:$L$23,"*",'IAT-3'!F25:O25) -> 0 | W25: 100 | X25: =SUMIF('BL-3'!$C$24:$L$24,"*",'IAT-3'!F25:O25) -> 0 | Y25: 100 | Z25: 50 | AA25: =Z25*2 -> 100
B26: 1 | C26: ='IAT-1'!C26 -> 951323243001 | D26: ='IAT-1'!D26 -> ABINAYA S | F26: ='I3'!D15 -> 0 | G26: ='I3'!E15 -> 0 | H26: ='I3'!F15 -> 0 | I26: ='I3'!G15 -> 0 | J26: ='I3'!H15 -> 0 | K26: ='I3'!I15 -> 0 | L26: ='I3'!J15 -> 0 | M26: ='I3'!K15 -> 0 | ... O26: ='I3'!M15 -> 0 | P26: =SUMIF('BL-3'!$C$20:$L$20,"*",'IAT-3'!F26:O26) -> 0 | Q26: =ROUND(IFERROR(P26/P$25,0)*100,1) -> 0 | R26: =SUMIF('BL-3'!$C$21:$L$21,"*",'IAT-3'!F26:O26) -> 0 | S26: =ROUND(IFERROR(R26/R$25,0)*100,1) -> 0 | T26: =SUMIF('BL-3'!$C$22:$L$22,"*",'IAT-3'!F26:O26) -> 0 | U26: =ROUND(IFERROR(T26/T$25,0)*100,1) -> 0 | V26: =SUMIF('BL-3'!$C$23:$L$23,"*",'IAT-3'!F26:O26) -> 0 | W26: =ROUND(IFERROR(V26/V$25,0)*100,1) -> 0 | X26: =SUMIF('BL-3'!$C$24:$L$24,"*",'IAT-3'!F26:O26) -> 0 | Y26: =ROUND(IFERROR(X26/X$25,0)*100,1) -> 0 | Z26: =SUM(P26,R26,T26,V26,X26) -> 0 | AA26: =Z26*2 -> 0
B27: 2 | C27: ='IAT-1'!C27 -> 951323243002 | D27: ='IAT-1'!D27 -> ABISHEK S | F27: ='I3'!D16 -> 0 | G27: ='I3'!E16 -> 0 | H27: ='I3'!F16 -> 0 | I27: ='I3'!G16 -> 0 | J27: ='I3'!H16 -> 0 | K27: ='I3'!I16 -> 0 | L27: ='I3'!J16 -> 0 | M27: ='I3'!K16 -> 0 | ... O27: ='I3'!M16 -> 0 | P27: =SUMIF('BL-3'!$C$20:$L$20,"*",'IAT-3'!F27:O27) -> 0 | Q27: =ROUND(IFERROR(P27/P$25,0)*100,1) -> 0 | R27: =SUMIF('BL-3'!$C$21:$L$21,"*",'IAT-3'!F27:O27) -> 0 | S27: =ROUND(IFERROR(R27/R$25,0)*100,1) -> 0 | T27: =SUMIF('BL-3'!$C$22:$L$22,"*",'IAT-3'!F27:O27) -> 0 | U27: =ROUND(IFERROR(T27/T$25,0)*100,1) -> 0 | V27: =SUMIF('BL-3'!$C$23:$L$23,"*",'IAT-3'!F27:O27) -> 0 | W27: =ROUND(IFERROR(V27/V$25,0)*100,1) -> 0 | X27: =SUMIF('BL-3'!$C$24:$L$24,"*",'IAT-3'!F27:O27) -> 0 | Y27: =ROUND(IFERROR(X27/X$25,0)*100,1) -> 0 | Z27: =SUM(P27,R27,T27,V27,X27) -> 0 | AA27: =Z27*2 -> 0
B28: 3 | C28: ='IAT-1'!C28 -> 951323243003 | D28: ='IAT-1'!D28 -> AJEETHA S | F28: ='I3'!D17 -> 0 | G28: ='I3'!E17 -> 0 | H28: ='I3'!F17 -> 0 | I28: ='I3'!G17 -> 0 | J28: ='I3'!H17 -> 0 | K28: ='I3'!I17 -> 0 | L28: ='I3'!J17 -> 0 | M28: ='I3'!K17 -> 0 | ... O28: ='I3'!M17 -> 0 | P28: =SUMIF('BL-3'!$C$20:$L$20,"*",'IAT-3'!F28:O28) -> 0 | Q28: =ROUND(IFERROR(P28/P$25,0)*100,1) -> 0 | R28: =SUMIF('BL-3'!$C$21:$L$21,"*",'IAT-3'!F28:O28) -> 0 | S28: =ROUND(IFERROR(R28/R$25,0)*100,1) -> 0 | T28: =SUMIF('BL-3'!$C$22:$L$22,"*",'IAT-3'!F28:O28) -> 0 | U28: =ROUND(IFERROR(T28/T$25,0)*100,1) -> 0 | V28: =SUMIF('BL-3'!$C$23:$L$23,"*",'IAT-3'!F28:O28) -> 0 | W28: =ROUND(IFERROR(V28/V$25,0)*100,1) -> 0 | X28: =SUMIF('BL-3'!$C$24:$L$24,"*",'IAT-3'!F28:O28) -> 0 | Y28: =ROUND(IFERROR(X28/X$25,0)*100,1) -> 0 | Z28: =SUM(P28,R28,T28,V28,X28) -> 0 | AA28: =Z28*2 -> 0
B29: 4 | C29: ='IAT-1'!C29 -> 951323243004 | D29: ='IAT-1'!D29 -> AJIM FAYAZ K M S | F29: ='I3'!D18 -> 0 | G29: ='I3'!E18 -> 0 | H29: ='I3'!F18 -> 0 | I29: ='I3'!G18 -> 0 | J29: ='I3'!H18 -> 0 | K29: ='I3'!I18 -> 0 | L29: ='I3'!J18 -> 0 | M29: ='I3'!K18 -> 0 | ... O29: ='I3'!M18 -> 0 | P29: =SUMIF('BL-3'!$C$20:$L$20,"*",'IAT-3'!F29:O29) -> 0 | Q29: =ROUND(IFERROR(P29/P$25,0)*100,1) -> 0 | R29: =SUMIF('BL-3'!$C$21:$L$21,"*",'IAT-3'!F29:O29) -> 0 | S29: =ROUND(IFERROR(R29/R$25,0)*100,1) -> 0 | T29: =SUMIF('BL-3'!$C$22:$L$22,"*",'IAT-3'!F29:O29) -> 0 | U29: =ROUND(IFERROR(T29/T$25,0)*100,1) -> 0 | V29: =SUMIF('BL-3'!$C$23:$L$23,"*",'IAT-3'!F29:O29) -> 0 | W29: =ROUND(IFERROR(V29/V$25,0)*100,1) -> 0 | X29: =SUMIF('BL-3'!$C$24:$L$24,"*",'IAT-3'!F29:O29) -> 0 | Y29: =ROUND(IFERROR(X29/X$25,0)*100,1) -> 0 | Z29: =SUM(P29,R29,T29,V29,X29) -> 0 | AA29: =Z29*2 -> 0
B30: 5 | C30: ='IAT-1'!C30 -> 951323243005 | D30: ='IAT-1'!D30 -> ALPHONES CRUZ NAVEEN J | F30: ='I3'!D19 -> 0 | G30: ='I3'!E19 -> 0 | H30: ='I3'!F19 -> 0 | I30: ='I3'!G19 -> 0 | J30: ='I3'!H19 -> 0 | K30: ='I3'!I19 -> 0 | L30: ='I3'!J19 -> 0 | M30: ='I3'!K19 -> 0 | ... O30: ='I3'!M19 -> 0 | P30: =SUMIF('BL-3'!$C$20:$L$20,"*",'IAT-3'!F30:O30) -> 0 | Q30: =ROUND(IFERROR(P30/P$25,0)*100,1) -> 0 | R30: =SUMIF('BL-3'!$C$21:$L$21,"*",'IAT-3'!F30:O30) -> 0 | S30: =ROUND(IFERROR(R30/R$25,0)*100,1) -> 0 | T30: =SUMIF('BL-3'!$C$22:$L$22,"*",'IAT-3'!F30:O30) -> 0 | U30: =ROUND(IFERROR(T30/T$25,0)*100,1) -> 0 | V30: =SUMIF('BL-3'!$C$23:$L$23,"*",'IAT-3'!F30:O30) -> 0 | W30: =ROUND(IFERROR(V30/V$25,0)*100,1) -> 0 | X30: =SUMIF('BL-3'!$C$24:$L$24,"*",'IAT-3'!F30:O30) -> 0 | Y30: =ROUND(IFERROR(X30/X$25,0)*100,1) -> 0 | Z30: =SUM(P30,R30,T30,V30,X30) -> 0 | AA30: =Z30*2 -> 0
B31: 6 | C31: ='IAT-1'!C31 -> 951323243006 | D31: ='IAT-1'!D31 -> ANGEL AGNES D | F31: ='I3'!D20 -> 0 | G31: ='I3'!E20 -> 0 | H31: ='I3'!F20 -> 0 | I31: ='I3'!G20 -> 0 | J31: ='I3'!H20 -> 0 | K31: ='I3'!I20 -> 0 | L31: ='I3'!J20 -> 0 | M31: ='I3'!K20 -> 0 | ... O31: ='I3'!M20 -> 0 | P31: =SUMIF('BL-3'!$C$20:$L$20,"*",'IAT-3'!F31:O31) -> 0 | Q31: =ROUND(IFERROR(P31/P$25,0)*100,1) -> 0 | R31: =SUMIF('BL-3'!$C$21:$L$21,"*",'IAT-3'!F31:O31) -> 0 | S31: =ROUND(IFERROR(R31/R$25,0)*100,1) -> 0 | T31: =SUMIF('BL-3'!$C$22:$L$22,"*",'IAT-3'!F31:O31) -> 0 | U31: =ROUND(IFERROR(T31/T$25,0)*100,1) -> 0 | V31: =SUMIF('BL-3'!$C$23:$L$23,"*",'IAT-3'!F31:O31) -> 0 | W31: =ROUND(IFERROR(V31/V$25,0)*100,1) -> 0 | X31: =SUMIF('BL-3'!$C$24:$L$24,"*",'IAT-3'!F31:O31) -> 0 | Y31: =ROUND(IFERROR(X31/X$25,0)*100,1) -> 0 | Z31: =SUM(P31,R31,T31,V31,X31) -> 0 | AA31: =Z31*2 -> 0
B32: 7 | C32: ='IAT-1'!C32 -> 951323243007 | D32: ='IAT-1'!D32 -> ANUSHA P | F32: ='I3'!D21 -> 0 | G32: ='I3'!E21 -> 0 | H32: ='I3'!F21 -> 0 | I32: ='I3'!G21 -> 0 | J32: ='I3'!H21 -> 0 | K32: ='I3'!I21 -> 0 | L32: ='I3'!J21 -> 0 | M32: ='I3'!K21 -> 0 | ... O32: ='I3'!M21 -> 0 | P32: =SUMIF('BL-3'!$C$20:$L$20,"*",'IAT-3'!F32:O32) -> 0 | Q32: =ROUND(IFERROR(P32/P$25,0)*100,1) -> 0 | R32: =SUMIF('BL-3'!$C$21:$L$21,"*",'IAT-3'!F32:O32) -> 0 | S32: =ROUND(IFERROR(R32/R$25,0)*100,1) -> 0 | T32: =SUMIF('BL-3'!$C$22:$L$22,"*",'IAT-3'!F32:O32) -> 0 | U32: =ROUND(IFERROR(T32/T$25,0)*100,1) -> 0 | V32: =SUMIF('BL-3'!$C$23:$L$23,"*",'IAT-3'!F32:O32) -> 0 | W32: =ROUND(IFERROR(V32/V$25,0)*100,1) -> 0 | X32: =SUMIF('BL-3'!$C$24:$L$24,"*",'IAT-3'!F32:O32) -> 0 | Y32: =ROUND(IFERROR(X32/X$25,0)*100,1) -> 0 | Z32: =SUM(P32,R32,T32,V32,X32) -> 0 | AA32: =Z32*2 -> 0
B33: 8 | C33: ='IAT-1'!C33 -> 951323243008 | D33: ='IAT-1'!D33 -> ARIBA M | F33: ='I3'!D22 -> 0 | G33: ='I3'!E22 -> 0 | H33: ='I3'!F22 -> 0 | I33: ='I3'!G22 -> 0 | J33: ='I3'!H22 -> 0 | K33: ='I3'!I22 -> 0 | L33: ='I3'!J22 -> 0 | M33: ='I3'!K22 -> 0 | ... O33: ='I3'!M22 -> 0 | P33: =SUMIF('BL-3'!$C$20:$L$20,"*",'IAT-3'!F33:O33) -> 0 | Q33: =ROUND(IFERROR(P33/P$25,0)*100,1) -> 0 | R33: =SUMIF('BL-3'!$C$21:$L$21,"*",'IAT-3'!F33:O33) -> 0 | S33: =ROUND(IFERROR(R33/R$25,0)*100,1) -> 0 | T33: =SUMIF('BL-3'!$C$22:$L$22,"*",'IAT-3'!F33:O33) -> 0 | U33: =ROUND(IFERROR(T33/T$25,0)*100,1) -> 0 | V33: =SUMIF('BL-3'!$C$23:$L$23,"*",'IAT-3'!F33:O33) -> 0 | W33: =ROUND(IFERROR(V33/V$25,0)*100,1) -> 0 | X33: =SUMIF('BL-3'!$C$24:$L$24,"*",'IAT-3'!F33:O33) -> 0 | Y33: =ROUND(IFERROR(X33/X$25,0)*100,1) -> 0 | Z33: =SUM(P33,R33,T33,V33,X33) -> 0 | AA33: =Z33*2 -> 0
B34: 9 | C34: ='IAT-1'!C34 -> 951323243009 | D34: ='IAT-1'!D34 -> BALADHARSHINI S | F34: ='I3'!D23 -> 0 | G34: ='I3'!E23 -> 0 | H34: ='I3'!F23 -> 0 | I34: ='I3'!G23 -> 0 | J34: ='I3'!H23 -> 0 | K34: ='I3'!I23 -> 0 | L34: ='I3'!J23 -> 0 | M34: ='I3'!K23 -> 0 | ... O34: ='I3'!M23 -> 0 | P34: =SUMIF('BL-3'!$C$20:$L$20,"*",'IAT-3'!F34:O34) -> 0 | Q34: =ROUND(IFERROR(P34/P$25,0)*100,1) -> 0 | R34: =SUMIF('BL-3'!$C$21:$L$21,"*",'IAT-3'!F34:O34) -> 0 | S34: =ROUND(IFERROR(R34/R$25,0)*100,1) -> 0 | T34: =SUMIF('BL-3'!$C$22:$L$22,"*",'IAT-3'!F34:O34) -> 0 | U34: =ROUND(IFERROR(T34/T$25,0)*100,1) -> 0 | V34: =SUMIF('BL-3'!$C$23:$L$23,"*",'IAT-3'!F34:O34) -> 0 | W34: =ROUND(IFERROR(V34/V$25,0)*100,1) -> 0 | X34: =SUMIF('BL-3'!$C$24:$L$24,"*",'IAT-3'!F34:O34) -> 0 | Y34: =ROUND(IFERROR(X34/X$25,0)*100,1) -> 0 | Z34: =SUM(P34,R34,T34,V34,X34) -> 0 | AA34: =Z34*2 -> 0
B35: 10 | C35: ='IAT-1'!C35 -> 951323243010 | D35: ='IAT-1'!D35 -> BALASANKAR AYYAPPAN M | F35: ='I3'!D24 -> 0 | G35: ='I3'!E24 -> 0 | H35: ='I3'!F24 -> 0 | I35: ='I3'!G24 -> 0 | J35: ='I3'!H24 -> 0 | K35: ='I3'!I24 -> 0 | L35: ='I3'!J24 -> 0 | M35: ='I3'!K24 -> 0 | ... O35: ='I3'!M24 -> 0 | P35: =SUMIF('BL-3'!$C$20:$L$20,"*",'IAT-3'!F35:O35) -> 0 | Q35: =ROUND(IFERROR(P35/P$25,0)*100,1) -> 0 | R35: =SUMIF('BL-3'!$C$21:$L$21,"*",'IAT-3'!F35:O35) -> 0 | S35: =ROUND(IFERROR(R35/R$25,0)*100,1) -> 0 | T35: =SUMIF('BL-3'!$C$22:$L$22,"*",'IAT-3'!F35:O35) -> 0 | U35: =ROUND(IFERROR(T35/T$25,0)*100,1) -> 0 | V35: =SUMIF('BL-3'!$C$23:$L$23,"*",'IAT-3'!F35:O35) -> 0 | W35: =ROUND(IFERROR(V35/V$25,0)*100,1) -> 0 | X35: =SUMIF('BL-3'!$C$24:$L$24,"*",'IAT-3'!F35:O35) -> 0 | Y35: =ROUND(IFERROR(X35/X$25,0)*100,1) -> 0 | Z35: =SUM(P35,R35,T35,V35,X35) -> 0 | AA35: =Z35*2 -> 0
B36: 11 | C36: ='IAT-1'!C36 -> 951323243011 | D36: ='IAT-1'!D36 -> BALA SRI RAM G | F36: ='I3'!D25 -> 0 | G36: ='I3'!E25 -> 0 | H36: ='I3'!F25 -> 0 | I36: ='I3'!G25 -> 0 | J36: ='I3'!H25 -> 0 | K36: ='I3'!I25 -> 0 | L36: ='I3'!J25 -> 0 | M36: ='I3'!K25 -> 0 | ... O36: ='I3'!M25 -> 0 | P36: =SUMIF('BL-3'!$C$20:$L$20,"*",'IAT-3'!F36:O36) -> 0 | Q36: =ROUND(IFERROR(P36/P$25,0)*100,1) -> 0 | R36: =SUMIF('BL-3'!$C$21:$L$21,"*",'IAT-3'!F36:O36) -> 0 | S36: =ROUND(IFERROR(R36/R$25,0)*100,1) -> 0 | T36: =SUMIF('BL-3'!$C$22:$L$22,"*",'IAT-3'!F36:O36) -> 0 | U36: =ROUND(IFERROR(T36/T$25,0)*100,1) -> 0 | V36: =SUMIF('BL-3'!$C$23:$L$23,"*",'IAT-3'!F36:O36) -> 0 | W36: =ROUND(IFERROR(V36/V$25,0)*100,1) -> 0 | X36: =SUMIF('BL-3'!$C$24:$L$24,"*",'IAT-3'!F36:O36) -> 0 | Y36: =ROUND(IFERROR(X36/X$25,0)*100,1) -> 0 | Z36: =SUM(P36,R36,T36,V36,X36) -> 0 | AA36: =Z36*2 -> 0
B37: 12 | C37: ='IAT-1'!C37 -> 951323243012 | D37: ='IAT-1'!D37 -> BENJAMINE FRANKLIN C | F37: ='I3'!D26 -> 0 | G37: ='I3'!E26 -> 0 | H37: ='I3'!F26 -> 0 | I37: ='I3'!G26 -> 0 | J37: ='I3'!H26 -> 0 | K37: ='I3'!I26 -> 0 | L37: ='I3'!J26 -> 0 | M37: ='I3'!K26 -> 0 | ... O37: ='I3'!M26 -> 0 | P37: =SUMIF('BL-3'!$C$20:$L$20,"*",'IAT-3'!F37:O37) -> 0 | Q37: =ROUND(IFERROR(P37/P$25,0)*100,1) -> 0 | R37: =SUMIF('BL-3'!$C$21:$L$21,"*",'IAT-3'!F37:O37) -> 0 | S37: =ROUND(IFERROR(R37/R$25,0)*100,1) -> 0 | T37: =SUMIF('BL-3'!$C$22:$L$22,"*",'IAT-3'!F37:O37) -> 0 | U37: =ROUND(IFERROR(T37/T$25,0)*100,1) -> 0 | V37: =SUMIF('BL-3'!$C$23:$L$23,"*",'IAT-3'!F37:O37) -> 0 | W37: =ROUND(IFERROR(V37/V$25,0)*100,1) -> 0 | X37: =SUMIF('BL-3'!$C$24:$L$24,"*",'IAT-3'!F37:O37) -> 0 | Y37: =ROUND(IFERROR(X37/X$25,0)*100,1) -> 0 | Z37: =SUM(P37,R37,T37,V37,X37) -> 0 | AA37: =Z37*2 -> 0
... B64: 39 | C64: ='IAT-1'!C64 -> 951323243039 | D64: ='IAT-1'!D64 -> MERLIN HEPSIBA K | F64: ='I3'!D53 -> 0 | G64: ='I3'!E53 -> 0 | H64: ='I3'!F53 -> 0 | I64: ='I3'!G53 -> 0 | J64: ='I3'!H53 -> 0 | K64: ='I3'!I53 -> 0 | L64: ='I3'!J53 -> 0 | M64: ='I3'!K53 -> 0 | ... O64: ='I3'!M53 -> 0 | P64: =SUMIF('BL-3'!$C$20:$L$20,"*",'IAT-3'!F64:O64) -> 0 | Q64: =ROUND(IFERROR(P64/P$25,0)*100,1) -> 0 | R64: =SUMIF('BL-3'!$C$21:$L$21,"*",'IAT-3'!F64:O64) -> 0 | S64: =ROUND(IFERROR(R64/R$25,0)*100,1) -> 0 | T64: =SUMIF('BL-3'!$C$22:$L$22,"*",'IAT-3'!F64:O64) -> 0 | U64: =ROUND(IFERROR(T64/T$25,0)*100,1) -> 0 | V64: =SUMIF('BL-3'!$C$23:$L$23,"*",'IAT-3'!F64:O64) -> 0 | W64: =ROUND(IFERROR(V64/V$25,0)*100,1) -> 0 | X64: =SUMIF('BL-3'!$C$24:$L$24,"*",'IAT-3'!F64:O64) -> 0 | Y64: =ROUND(IFERROR(X64/X$25,0)*100,1) -> 0 | Z64: =SUM(P64,R64,T64,V64,X64) -> 0 | AA64: =Z64*2 -> 0
B65: 40 | C65: ='IAT-1'!#REF! -> #REF! | D65: ='IAT-1'!#REF! -> #REF! | F65: ='I3'!D54 -> 0 | G65: ='I3'!E54 -> 0 | H65: ='I3'!F54 -> 0 | I65: ='I3'!G54 -> 0 | J65: ='I3'!H54 -> 0 | K65: ='I3'!I54 -> 0 | L65: ='I3'!J54 -> 0 | M65: ='I3'!K54 -> 0 | ... O65: ='I3'!M54 -> 0 | P65: =SUMIF('BL-3'!$C$20:$L$20,"*",'IAT-3'!F65:O65) -> 0 | Q65: =ROUND(IFERROR(P65/P$25,0)*100,1) -> 0 | R65: =SUMIF('BL-3'!$C$21:$L$21,"*",'IAT-3'!F65:O65) -> 0 | S65: =ROUND(IFERROR(R65/R$25,0)*100,1) -> 0 | T65: =SUMIF('BL-3'!$C$22:$L$22,"*",'IAT-3'!F65:O65) -> 0 | U65: =ROUND(IFERROR(T65/T$25,0)*100,1) -> 0 | V65: =SUMIF('BL-3'!$C$23:$L$23,"*",'IAT-3'!F65:O65) -> 0 | W65: =ROUND(IFERROR(V65/V$25,0)*100,1) -> 0 | X65: =SUMIF('BL-3'!$C$24:$L$24,"*",'IAT-3'!F65:O65) -> 0 | Y65: =ROUND(IFERROR(X65/X$25,0)*100,1) -> 0 | Z65: =SUM(P65,R65,T65,V65,X65) -> 0 | AA65: =Z65*2 -> 0
B66: 41 | C66: ='IAT-1'!C65 -> 951323243042 | D66: ='IAT-1'!D65 -> MUTHUPRASANNA M | F66: ='I3'!D55 -> 0 | G66: ='I3'!E55 -> 0 | H66: ='I3'!F55 -> 0 | I66: ='I3'!G55 -> 0 | J66: ='I3'!H55 -> 0 | K66: ='I3'!I55 -> 0 | L66: ='I3'!J55 -> 0 | M66: ='I3'!K55 -> 0 | ... O66: ='I3'!M55 -> 0 | P66: =SUMIF('BL-3'!$C$20:$L$20,"*",'IAT-3'!F66:O66) -> 0 | Q66: =ROUND(IFERROR(P66/P$25,0)*100,1) -> 0 | R66: =SUMIF('BL-3'!$C$21:$L$21,"*",'IAT-3'!F66:O66) -> 0 | S66: =ROUND(IFERROR(R66/R$25,0)*100,1) -> 0 | T66: =SUMIF('BL-3'!$C$22:$L$22,"*",'IAT-3'!F66:O66) -> 0 | U66: =ROUND(IFERROR(T66/T$25,0)*100,1) -> 0 | V66: =SUMIF('BL-3'!$C$23:$L$23,"*",'IAT-3'!F66:O66) -> 0 | W66: =ROUND(IFERROR(V66/V$25,0)*100,1) -> 0 | X66: =SUMIF('BL-3'!$C$24:$L$24,"*",'IAT-3'!F66:O66) -> 0 | Y66: =ROUND(IFERROR(X66/X$25,0)*100,1) -> 0 | Z66: =SUM(P66,R66,T66,V66,X66) -> 0 | AA66: =Z66*2 -> 0
B67: 42 | C67: ='IAT-1'!C66 -> 951323243043 | D67: ='IAT-1'!D66 -> MUTHURAJ M | F67: ='I3'!D56 -> 0 | G67: ='I3'!E56 -> 0 | H67: ='I3'!F56 -> 0 | I67: ='I3'!G56 -> 0 | J67: ='I3'!H56 -> 0 | K67: ='I3'!I56 -> 0 | L67: ='I3'!J56 -> 0 | M67: ='I3'!K56 -> 0 | ... O67: ='I3'!M56 -> 0 | P67: =SUMIF('BL-3'!$C$20:$L$20,"*",'IAT-3'!F67:O67) -> 0 | Q67: =ROUND(IFERROR(P67/P$25,0)*100,1) -> 0 | R67: =SUMIF('BL-3'!$C$21:$L$21,"*",'IAT-3'!F67:O67) -> 0 | S67: =ROUND(IFERROR(R67/R$25,0)*100,1) -> 0 | T67: =SUMIF('BL-3'!$C$22:$L$22,"*",'IAT-3'!F67:O67) -> 0 | U67: =ROUND(IFERROR(T67/T$25,0)*100,1) -> 0 | V67: =SUMIF('BL-3'!$C$23:$L$23,"*",'IAT-3'!F67:O67) -> 0 | W67: =ROUND(IFERROR(V67/V$25,0)*100,1) -> 0 | X67: =SUMIF('BL-3'!$C$24:$L$24,"*",'IAT-3'!F67:O67) -> 0 | Y67: =ROUND(IFERROR(X67/X$25,0)*100,1) -> 0 | Z67: =SUM(P67,R67,T67,V67,X67) -> 0 | AA67: =Z67*2 -> 0
B68: 43 | C68: ='IAT-1'!#REF! -> #REF! | D68: ='IAT-1'!#REF! -> #REF! | F68: ='I3'!D57 -> 0 | G68: ='I3'!E57 -> 0 | H68: ='I3'!F57 -> 0 | I68: ='I3'!G57 -> 0 | J68: ='I3'!H57 -> 0 | K68: ='I3'!I57 -> 0 | L68: ='I3'!J57 -> 0 | M68: ='I3'!K57 -> 0 | ... O68: ='I3'!M57 -> 0 | P68: =SUMIF('BL-3'!$C$20:$L$20,"*",'IAT-3'!F68:O68) -> 0 | Q68: =ROUND(IFERROR(P68/P$25,0)*100,1) -> 0 | R68: =SUMIF('BL-3'!$C$21:$L$21,"*",'IAT-3'!F68:O68) -> 0 | S68: =ROUND(IFERROR(R68/R$25,0)*100,1) -> 0 | T68: =SUMIF('BL-3'!$C$22:$L$22,"*",'IAT-3'!F68:O68) -> 0 | U68: =ROUND(IFERROR(T68/T$25,0)*100,1) -> 0 | V68: =SUMIF('BL-3'!$C$23:$L$23,"*",'IAT-3'!F68:O68) -> 0 | W68: =ROUND(IFERROR(V68/V$25,0)*100,1) -> 0 | X68: =SUMIF('BL-3'!$C$24:$L$24,"*",'IAT-3'!F68:O68) -> 0 | Y68: =ROUND(IFERROR(X68/X$25,0)*100,1) -> 0 | Z68: =SUM(P68,R68,T68,V68,X68) -> 0 | AA68: =Z68*2 -> 0
B69: 44 | C69: ='IAT-1'!C67 -> 951323243045 | D69: ='IAT-1'!D67 -> PONKEERTHANA B | F69: ='I3'!D58 -> 0 | G69: ='I3'!E58 -> 0 | H69: ='I3'!F58 -> 0 | I69: ='I3'!G58 -> 0 | J69: ='I3'!H58 -> 0 | K69: ='I3'!I58 -> 0 | L69: ='I3'!J58 -> 0 | M69: ='I3'!K58 -> 0 | ... O69: ='I3'!M58 -> 0 | P69: =SUMIF('BL-3'!$C$20:$L$20,"*",'IAT-3'!F69:O69) -> 0 | Q69: =ROUND(IFERROR(P69/P$25,0)*100,1) -> 0 | R69: =SUMIF('BL-3'!$C$21:$L$21,"*",'IAT-3'!F69:O69) -> 0 | S69: =ROUND(IFERROR(R69/R$25,0)*100,1) -> 0 | T69: =SUMIF('BL-3'!$C$22:$L$22,"*",'IAT-3'!F69:O69) -> 0 | U69: =ROUND(IFERROR(T69/T$25,0)*100,1) -> 0 | V69: =SUMIF('BL-3'!$C$23:$L$23,"*",'IAT-3'!F69:O69) -> 0 | W69: =ROUND(IFERROR(V69/V$25,0)*100,1) -> 0 | X69: =SUMIF('BL-3'!$C$24:$L$24,"*",'IAT-3'!F69:O69) -> 0 | Y69: =ROUND(IFERROR(X69/X$25,0)*100,1) -> 0 | Z69: =SUM(P69,R69,T69,V69,X69) -> 0 | AA69: =Z69*2 -> 0
B70: 45 | C70: ='IAT-1'!C68 -> 951323243046 | D70: ='IAT-1'!D68 -> POORANATRIFFIE P | F70: ='I3'!D59 -> 0 | G70: ='I3'!E59 -> 0 | H70: ='I3'!F59 -> 0 | I70: ='I3'!G59 -> 0 | J70: ='I3'!H59 -> 0 | K70: ='I3'!I59 -> 0 | L70: ='I3'!J59 -> 0 | M70: ='I3'!K59 -> 0 | ... O70: ='I3'!M59 -> 0 | P70: =SUMIF('BL-3'!$C$20:$L$20,"*",'IAT-3'!F70:O70) -> 0 | Q70: =ROUND(IFERROR(P70/P$25,0)*100,1) -> 0 | R70: =SUMIF('BL-3'!$C$21:$L$21,"*",'IAT-3'!F70:O70) -> 0 | S70: =ROUND(IFERROR(R70/R$25,0)*100,1) -> 0 | T70: =SUMIF('BL-3'!$C$22:$L$22,"*",'IAT-3'!F70:O70) -> 0 | U70: =ROUND(IFERROR(T70/T$25,0)*100,1) -> 0 | V70: =SUMIF('BL-3'!$C$23:$L$23,"*",'IAT-3'!F70:O70) -> 0 | W70: =ROUND(IFERROR(V70/V$25,0)*100,1) -> 0 | X70: =SUMIF('BL-3'!$C$24:$L$24,"*",'IAT-3'!F70:O70) -> 0 | Y70: =ROUND(IFERROR(X70/X$25,0)*100,1) -> 0 | Z70: =SUM(P70,R70,T70,V70,X70) -> 0 | AA70: =Z70*2 -> 0
B71: 46 | C71: ='IAT-1'!C69 -> 951323243047 | D71: ='IAT-1'!D69 -> RACKLAND T | F71: ='I3'!D60 -> 0 | G71: ='I3'!E60 -> 0 | H71: ='I3'!F60 -> 0 | I71: ='I3'!G60 -> 0 | J71: ='I3'!H60 -> 0 | K71: ='I3'!I60 -> 0 | L71: ='I3'!J60 -> 0 | M71: ='I3'!K60 -> 0 | ... O71: ='I3'!M60 -> 0 | P71: =SUMIF('BL-3'!$C$20:$L$20,"*",'IAT-3'!F71:O71) -> 0 | Q71: =ROUND(IFERROR(P71/P$25,0)*100,1) -> 0 | R71: =SUMIF('BL-3'!$C$21:$L$21,"*",'IAT-3'!F71:O71) -> 0 | S71: =ROUND(IFERROR(R71/R$25,0)*100,1) -> 0 | T71: =SUMIF('BL-3'!$C$22:$L$22,"*",'IAT-3'!F71:O71) -> 0 | U71: =ROUND(IFERROR(T71/T$25,0)*100,1) -> 0 | V71: =SUMIF('BL-3'!$C$23:$L$23,"*",'IAT-3'!F71:O71) -> 0 | W71: =ROUND(IFERROR(V71/V$25,0)*100,1) -> 0 | X71: =SUMIF('BL-3'!$C$24:$L$24,"*",'IAT-3'!F71:O71) -> 0 | Y71: =ROUND(IFERROR(X71/X$25,0)*100,1) -> 0 | Z71: =SUM(P71,R71,T71,V71,X71) -> 0 | AA71: =Z71*2 -> 0
B72: 47 | C72: ='IAT-1'!C70 -> 951323243048 | D72: ='IAT-1'!D70 -> RAJA SUNDAR K | F72: ='I3'!D61 -> 0 | G72: ='I3'!E61 -> 0 | H72: ='I3'!F61 -> 0 | I72: ='I3'!G61 -> 0 | J72: ='I3'!H61 -> 0 | K72: ='I3'!I61 -> 0 | L72: ='I3'!J61 -> 0 | M72: ='I3'!K61 -> 0 | ... O72: ='I3'!M61 -> 0 | P72: =SUMIF('BL-3'!$C$20:$L$20,"*",'IAT-3'!F72:O72) -> 0 | Q72: =ROUND(IFERROR(P72/P$25,0)*100,1) -> 0 | R72: =SUMIF('BL-3'!$C$21:$L$21,"*",'IAT-3'!F72:O72) -> 0 | S72: =ROUND(IFERROR(R72/R$25,0)*100,1) -> 0 | T72: =SUMIF('BL-3'!$C$22:$L$22,"*",'IAT-3'!F72:O72) -> 0 | U72: =ROUND(IFERROR(T72/T$25,0)*100,1) -> 0 | V72: =SUMIF('BL-3'!$C$23:$L$23,"*",'IAT-3'!F72:O72) -> 0 | W72: =ROUND(IFERROR(V72/V$25,0)*100,1) -> 0 | X72: =SUMIF('BL-3'!$C$24:$L$24,"*",'IAT-3'!F72:O72) -> 0 | Y72: =ROUND(IFERROR(X72/X$25,0)*100,1) -> 0 | Z72: =SUM(P72,R72,T72,V72,X72) -> 0 | AA72: =Z72*2 -> 0
B73: 48 | C73: ='IAT-1'!C71 -> 951323243049 | D73: ='IAT-1'!D71 -> RAMALINGAM B | F73: ='I3'!D62 -> 0 | G73: ='I3'!E62 -> 0 | H73: ='I3'!F62 -> 0 | I73: ='I3'!G62 -> 0 | J73: ='I3'!H62 -> 0 | K73: ='I3'!I62 -> 0 | L73: ='I3'!J62 -> 0 | M73: ='I3'!K62 -> 0 | ... O73: ='I3'!M62 -> 0 | P73: =SUMIF('BL-3'!$C$20:$L$20,"*",'IAT-3'!F73:O73) -> 0 | Q73: =ROUND(IFERROR(P73/P$25,0)*100,1) -> 0 | R73: =SUMIF('BL-3'!$C$21:$L$21,"*",'IAT-3'!F73:O73) -> 0 | S73: =ROUND(IFERROR(R73/R$25,0)*100,1) -> 0 | T73: =SUMIF('BL-3'!$C$22:$L$22,"*",'IAT-3'!F73:O73) -> 0 | U73: =ROUND(IFERROR(T73/T$25,0)*100,1) -> 0 | V73: =SUMIF('BL-3'!$C$23:$L$23,"*",'IAT-3'!F73:O73) -> 0 | W73: =ROUND(IFERROR(V73/V$25,0)*100,1) -> 0 | X73: =SUMIF('BL-3'!$C$24:$L$24,"*",'IAT-3'!F73:O73) -> 0 | Y73: =ROUND(IFERROR(X73/X$25,0)*100,1) -> 0 | Z73: =SUM(P73,R73,T73,V73,X73) -> 0 | AA73: =Z73*2 -> 0
B74: 49 | C74: ='IAT-1'!C72 -> 951323243050 | D74: ='IAT-1'!D72 -> SELVAM GRACELIN S | F74: ='I3'!D63 -> 0 | G74: ='I3'!E63 -> 0 | H74: ='I3'!F63 -> 0 | I74: ='I3'!G63 -> 0 | J74: ='I3'!H63 -> 0 | K74: ='I3'!I63 -> 0 | L74: ='I3'!J63 -> 0 | M74: ='I3'!K63 -> 0 | ... O74: ='I3'!M63 -> 0 | P74: =SUMIF('BL-3'!$C$20:$L$20,"*",'IAT-3'!F74:O74) -> 0 | Q74: =ROUND(IFERROR(P74/P$25,0)*100,1) -> 0 | R74: =SUMIF('BL-3'!$C$21:$L$21,"*",'IAT-3'!F74:O74) -> 0 | S74: =ROUND(IFERROR(R74/R$25,0)*100,1) -> 0 | T74: =SUMIF('BL-3'!$C$22:$L$22,"*",'IAT-3'!F74:O74) -> 0 | U74: =ROUND(IFERROR(T74/T$25,0)*100,1) -> 0 | V74: =SUMIF('BL-3'!$C$23:$L$23,"*",'IAT-3'!F74:O74) -> 0 | W74: =ROUND(IFERROR(V74/V$25,0)*100,1) -> 0 | X74: =SUMIF('BL-3'!$C$24:$L$24,"*",'IAT-3'!F74:O74) -> 0 | Y74: =ROUND(IFERROR(X74/X$25,0)*100,1) -> 0 | Z74: =SUM(P74,R74,T74,V74,X74) -> 0 | AA74: =Z74*2 -> 0
B75: 50 | C75: ='IAT-1'!C73 -> 951323243051 | D75: ='IAT-1'!D73 -> SHANKAR V | F75: ='I3'!D64 -> 0 | G75: ='I3'!E64 -> 0 | H75: ='I3'!F64 -> 0 | I75: ='I3'!G64 -> 0 | J75: ='I3'!H64 -> 0 | K75: ='I3'!I64 -> 0 | L75: ='I3'!J64 -> 0 | M75: ='I3'!K64 -> 0 | ... O75: ='I3'!M64 -> 0 | P75: =SUMIF('BL-3'!$C$20:$L$20,"*",'IAT-3'!F75:O75) -> 0 | Q75: =ROUND(IFERROR(P75/P$25,0)*100,1) -> 0 | R75: =SUMIF('BL-3'!$C$21:$L$21,"*",'IAT-3'!F75:O75) -> 0 | S75: =ROUND(IFERROR(R75/R$25,0)*100,1) -> 0 | T75: =SUMIF('BL-3'!$C$22:$L$22,"*",'IAT-3'!F75:O75) -> 0 | U75: =ROUND(IFERROR(T75/T$25,0)*100,1) -> 0 | V75: =SUMIF('BL-3'!$C$23:$L$23,"*",'IAT-3'!F75:O75) -> 0 | W75: =ROUND(IFERROR(V75/V$25,0)*100,1) -> 0 | X75: =SUMIF('BL-3'!$C$24:$L$24,"*",'IAT-3'!F75:O75) -> 0 | Y75: =ROUND(IFERROR(X75/X$25,0)*100,1) -> 0 | Z75: =SUM(P75,R75,T75,V75,X75) -> 0 | AA75: =Z75*2 -> 0
B76: 51 | C76: ='IAT-1'!C74 -> 951323243052 | D76: ='IAT-1'!D74 -> SINDHUJA RAJASUMANA R | F76: ='I3'!D65 -> 0 | G76: ='I3'!E65 -> 0 | H76: ='I3'!F65 -> 0 | I76: ='I3'!G65 -> 0 | J76: ='I3'!H65 -> 0 | K76: ='I3'!I65 -> 0 | L76: ='I3'!J65 -> 0 | M76: ='I3'!K65 -> 0 | ... O76: ='I3'!M65 -> 0 | P76: =SUMIF('BL-3'!$C$20:$L$20,"*",'IAT-3'!F76:O76) -> 0 | Q76: =ROUND(IFERROR(P76/P$25,0)*100,1) -> 0 | R76: =SUMIF('BL-3'!$C$21:$L$21,"*",'IAT-3'!F76:O76) -> 0 | S76: =ROUND(IFERROR(R76/R$25,0)*100,1) -> 0 | T76: =SUMIF('BL-3'!$C$22:$L$22,"*",'IAT-3'!F76:O76) -> 0 | U76: =ROUND(IFERROR(T76/T$25,0)*100,1) -> 0 | V76: =SUMIF('BL-3'!$C$23:$L$23,"*",'IAT-3'!F76:O76) -> 0 | W76: =ROUND(IFERROR(V76/V$25,0)*100,1) -> 0 | X76: =SUMIF('BL-3'!$C$24:$L$24,"*",'IAT-3'!F76:O76) -> 0 | Y76: =ROUND(IFERROR(X76/X$25,0)*100,1) -> 0 | Z76: =SUM(P76,R76,T76,V76,X76) -> 0 | AA76: =Z76*2 -> 0
B77: 52 | C77: ='IAT-1'!C75 -> 951323243053 | D77: ='IAT-1'!D75 -> SNEGA G | F77: ='I3'!D66 -> 0 | G77: ='I3'!E66 -> 0 | H77: ='I3'!F66 -> 0 | I77: ='I3'!G66 -> 0 | J77: ='I3'!H66 -> 0 | K77: ='I3'!I66 -> 0 | L77: ='I3'!J66 -> 0 | M77: ='I3'!K66 -> 0 | ... O77: ='I3'!M66 -> 0 | P77: =SUMIF('BL-3'!$C$20:$L$20,"*",'IAT-3'!F77:O77) -> 0 | Q77: =ROUND(IFERROR(P77/P$25,0)*100,1) -> 0 | R77: =SUMIF('BL-3'!$C$21:$L$21,"*",'IAT-3'!F77:O77) -> 0 | S77: =ROUND(IFERROR(R77/R$25,0)*100,1) -> 0 | T77: =SUMIF('BL-3'!$C$22:$L$22,"*",'IAT-3'!F77:O77) -> 0 | U77: =ROUND(IFERROR(T77/T$25,0)*100,1) -> 0 | V77: =SUMIF('BL-3'!$C$23:$L$23,"*",'IAT-3'!F77:O77) -> 0 | W77: =ROUND(IFERROR(V77/V$25,0)*100,1) -> 0 | X77: =SUMIF('BL-3'!$C$24:$L$24,"*",'IAT-3'!F77:O77) -> 0 | Y77: =ROUND(IFERROR(X77/X$25,0)*100,1) -> 0 | Z77: =SUM(P77,R77,T77,V77,X77) -> 0 | AA77: =Z77*2 -> 0
B78: 53 | C78: ='IAT-1'!C76 -> 951323243054 | D78: ='IAT-1'!D76 -> SUBRAMANIAN V | F78: ='I3'!D67 -> 0 | G78: ='I3'!E67 -> 0 | H78: ='I3'!F67 -> 0 | I78: ='I3'!G67 -> 0 | J78: ='I3'!H67 -> 0 | K78: ='I3'!I67 -> 0 | L78: ='I3'!J67 -> 0 | M78: ='I3'!K67 -> 0 | ... O78: ='I3'!M67 -> 0 | P78: =SUMIF('BL-3'!$C$20:$L$20,"*",'IAT-3'!F78:O78) -> 0 | Q78: =ROUND(IFERROR(P78/P$25,0)*100,1) -> 0 | R78: =SUMIF('BL-3'!$C$21:$L$21,"*",'IAT-3'!F78:O78) -> 0 | S78: =ROUND(IFERROR(R78/R$25,0)*100,1) -> 0 | T78: =SUMIF('BL-3'!$C$22:$L$22,"*",'IAT-3'!F78:O78) -> 0 | U78: =ROUND(IFERROR(T78/T$25,0)*100,1) -> 0 | V78: =SUMIF('BL-3'!$C$23:$L$23,"*",'IAT-3'!F78:O78) -> 0 | W78: =ROUND(IFERROR(V78/V$25,0)*100,1) -> 0 | X78: =SUMIF('BL-3'!$C$24:$L$24,"*",'IAT-3'!F78:O78) -> 0 | Y78: =ROUND(IFERROR(X78/X$25,0)*100,1) -> 0 | Z78: =SUM(P78,R78,T78,V78,X78) -> 0 | AA78: =Z78*2 -> 0
B79: 54 | C79: ='IAT-1'!C77 -> 951323243055 | D79: ='IAT-1'!D77 -> SUGAN RAJ H | F79: ='I3'!D68 -> 0 | G79: ='I3'!E68 -> 0 | H79: ='I3'!F68 -> 0 | I79: ='I3'!G68 -> 0 | J79: ='I3'!H68 -> 0 | K79: ='I3'!I68 -> 0 | L79: ='I3'!J68 -> 0 | M79: ='I3'!K68 -> 0 | ... O79: ='I3'!M68 -> 0 | P79: =SUMIF('BL-3'!$C$20:$L$20,"*",'IAT-3'!F79:O79) -> 0 | Q79: =ROUND(IFERROR(P79/P$25,0)*100,1) -> 0 | R79: =SUMIF('BL-3'!$C$21:$L$21,"*",'IAT-3'!F79:O79) -> 0 | S79: =ROUND(IFERROR(R79/R$25,0)*100,1) -> 0 | T79: =SUMIF('BL-3'!$C$22:$L$22,"*",'IAT-3'!F79:O79) -> 0 | U79: =ROUND(IFERROR(T79/T$25,0)*100,1) -> 0 | V79: =SUMIF('BL-3'!$C$23:$L$23,"*",'IAT-3'!F79:O79) -> 0 | W79: =ROUND(IFERROR(V79/V$25,0)*100,1) -> 0 | X79: =SUMIF('BL-3'!$C$24:$L$24,"*",'IAT-3'!F79:O79) -> 0 | Y79: =ROUND(IFERROR(X79/X$25,0)*100,1) -> 0 | Z79: =SUM(P79,R79,T79,V79,X79) -> 0 | AA79: =Z79*2 -> 0
B80: 55 | C80: ='IAT-1'!C78 -> 951323243056 | D80: ='IAT-1'!D78 -> THOMAS KOILRAJ J | F80: ='I3'!D69 -> 0 | G80: ='I3'!E69 -> 0 | H80: ='I3'!F69 -> 0 | I80: ='I3'!G69 -> 0 | J80: ='I3'!H69 -> 0 | K80: ='I3'!I69 -> 0 | L80: ='I3'!J69 -> 0 | M80: ='I3'!K69 -> 0 | ... O80: ='I3'!M69 -> 0 | P80: =SUMIF('BL-3'!$C$20:$L$20,"*",'IAT-3'!F80:O80) -> 0 | Q80: =ROUND(IFERROR(P80/P$25,0)*100,1) -> 0 | R80: =SUMIF('BL-3'!$C$21:$L$21,"*",'IAT-3'!F80:O80) -> 0 | S80: =ROUND(IFERROR(R80/R$25,0)*100,1) -> 0 | T80: =SUMIF('BL-3'!$C$22:$L$22,"*",'IAT-3'!F80:O80) -> 0 | U80: =ROUND(IFERROR(T80/T$25,0)*100,1) -> 0 | V80: =SUMIF('BL-3'!$C$23:$L$23,"*",'IAT-3'!F80:O80) -> 0 | W80: =ROUND(IFERROR(V80/V$25,0)*100,1) -> 0 | X80: =SUMIF('BL-3'!$C$24:$L$24,"*",'IAT-3'!F80:O80) -> 0 | Y80: =ROUND(IFERROR(X80/X$25,0)*100,1) -> 0 | Z80: =SUM(P80,R80,T80,V80,X80) -> 0 | AA80: =Z80*2 -> 0
... B84: 59 | C84: ='IAT-1'!C82 -> 951323243060 | D84: ='IAT-1'!D82 -> VIJITHA BLESSY V | F84: ='I3'!D73 -> 0 | G84: ='I3'!E73 -> 0 | H84: ='I3'!F73 -> 0 | I84: ='I3'!G73 -> 0 | J84: ='I3'!H73 -> 0 | K84: ='I3'!I73 -> 0 | L84: ='I3'!J73 -> 0 | M84: ='I3'!K73 -> 0 | ... O84: ='I3'!M73 -> 0 | P84: =SUMIF('BL-3'!$C$20:$L$20,"*",'IAT-3'!F84:O84) -> 0 | Q84: =ROUND(IFERROR(P84/P$25,0)*100,1) -> 0 | R84: =SUMIF('BL-3'!$C$21:$L$21,"*",'IAT-3'!F84:O84) -> 0 | S84: =ROUND(IFERROR(R84/R$25,0)*100,1) -> 0 | T84: =SUMIF('BL-3'!$C$22:$L$22,"*",'IAT-3'!F84:O84) -> 0 | U84: =ROUND(IFERROR(T84/T$25,0)*100,1) -> 0 | V84: =SUMIF('BL-3'!$C$23:$L$23,"*",'IAT-3'!F84:O84) -> 0 | W84: =ROUND(IFERROR(V84/V$25,0)*100,1) -> 0 | X84: =SUMIF('BL-3'!$C$24:$L$24,"*",'IAT-3'!F84:O84) -> 0 | Y84: =ROUND(IFERROR(X84/X$25,0)*100,1) -> 0 | Z84: =SUM(P84,R84,T84,V84,X84) -> 0 | AA84: =Z84*2 -> 0
B85: No. of students attained more than 50% of marks in the relevant CO | Q85: =COUNTIF(Q26:Q84,">=50") -> 0 | S85: =COUNTIF(S26:S84,">=50") -> 0 | U85: =COUNTIF(U26:U84,">=50") -> 0 | W85: =COUNTIF(W26:W84,">=50") -> 0 | Y85: =COUNTIF(Y26:Y84,">=50") -> 0 | AA85: =COUNTIF(AA26:AA84,">=50") -> 0
B86: Percentage of students obtained more than 50% marks in relevant CO | Q86: =ROUND(IFERROR(Q85/$Z$9,0)*100,1) -> 0 | S86: =ROUND(IFERROR(S85/$Z$9,0)*100,1) -> 0 | U86: =ROUND(IFERROR(U85/$Z$9,0)*100,1) -> 0 | W86: =ROUND(IFERROR(W85/$Z$9,0)*100,1) -> 0 | Y86: =ROUND(IFERROR(Y85/$Z$9,0)*100,1) -> 0 | AA86: =ROUND(IFERROR(AA85/$Z$9,0)*100,1) -> 0
B87: Correlation Level | Q87: =IF(Q86>=60,3,IF(Q86>=50,2,IF(Q86>=40,1,0))) -> 0 | S87: =IF(S86>=60,3,IF(S86>=50,2,IF(S86>=40,1,0))) -> 0 | U87: =IF(U86>=60,3,IF(U86>=50,2,IF(U86>=40,1,0))) -> 0 | W87: =IF(W86>=60,3,IF(W86>=50,2,IF(W86>=40,1,0))) -> 0 | Y87: =IF(Y86>=60,3,IF(Y86>=50,2,IF(Y86>=40,1,0))) -> 0 | AA87: =IF(AA86>=60,3,IF(AA86>=50,2,IF(AA86>=40,1,0))) -> 0

Sheet IAT-REPORT
B1: ='BL-1'!A1 -> JAYARAJ ANNAPACKIAM C. S. I. COLLEGE OF ENGINEERING
B2: ='BL-1'!A2 -> (Approved by AICTE, New Delhi and Affiliated to Anna University)
B3: ='BL-1'!A3 -> MARGOSCHIS NAGAR, NAZARETH - 628 617
B4: ='BL-1'!A4 -> DEPARTMENT OF ARTIFICIAL INTELLIGENCE AND DATA SCIENCE
B5: CO ATTAINMENT DIRECT- I
B6: INTERNAL ASSESSMENT TEST - REPORT
B7: ACADEMIC YEAR 2025-26 (ODD SEM)
A8: ='BL-1'!A8:H8 -> COURSE CODE / NAME: CW3551 DATA AND INFORMATION SECURITY | G8: ='BL-1'!I9 -> CLASS : III ADS | K8: ='BL-1'!I8 -> BATCH: 2023-2027 | O8: ='BL-1'!M8 -> SEM:05 | R8: ='BL-1'!M8 -> SEM:05
A9: ='BL-1'!A9:H9 -> COURSE INSTRUCTOR/DESIGNATION: G. ALISHA EVANGELINE,AP/ADS | F9: ='BL-1'!M9 -> DATE: | G9: ='IAT-2'!G9:H9 -> 45758 | J9: ='BL-1'!O9 -> TIME: | K9: 11:15-12:45 | N9: No. of Students in the Class: | P9: ='IAT-1'!$Z$9 -> 57 | Q9: No. of Students in the Class: | U9: ='IAT-1'!Z9 -> 57
A11: COURSE OUTCOMES: | L11: Attainment Level | Q11: Description | U11: Correlation Level
A12: ='BL-1'!A12 -> CO 1 | B12: ='BL-1'!B12 -> Understand the basics of data and information security | L12: 1 | U12: Slight (1)
A13: ='BL-1'!A13 -> CO 2 | B13: ='BL-1'!B13 -> Understand the legal, ethical and professional issues in information security | L13: 2 | U13: Moderate (2)
A14: ='BL-1'!A14 -> CO 3 | B14: ='BL-1'!B14 -> Understand the various authentication schemes to simulate different applications | L14: 3 | U14: Substantial (3)
A15: ='BL-1'!A15 -> CO 4 | B15: ='BL-1'!B15 -> Understand various security practices and system security standards
A16: ='BL-1'!A16 -> CO 5 | B16: ='BL-1'!B16 -> Understand the web security protocols for E-commerce applications
B19: S. No | C19: Reg. No. | D19: Name of the Student | E19: TEST | F19: IAT-I | K19: IAT-II | P19: TOTAL IAT ATTAINMENT
E21: Cos | F21: CO 1 | G21: CO 2 | H21: CO 3 | I21: CO 4 | J21: CO 5 | K21: CO 1 | L21: CO 2 | M21: CO 3 | N21: CO 4 | O21: CO 5 | P21: CO 1 | Q21: CO 2 | R21: CO 3 | S21: CO 4 | T21: CO 5
E23: MARK | F23: ='IAT-1'!Q25 -> 100 | G23: ='IAT-1'!S25 -> 100 | H23: ='IAT-1'!U25 -> 100 | I23: ='IAT-1'!W25 -> 100 | J23: ='IAT-1'!Y25 -> 100 | K23: ='IAT-2'!Q25 -> 100 | L23: ='IAT-2'!S25 -> 100 | M23: ='IAT-2'!U25 -> 100 | N23: ='IAT-2'!W25 -> 100 | O23: ='IAT-2'!Y25 -> 100 | P23: =SUMIF(F24,">0",F23)+SUMIF(K24,">0",K23) -> 100 | Q23: =SUMIF(G24,">0",G23)+SUMIF(L24,">0",L23) -> 100 | R23: 100 | S23: =SUMIF(I24,">0",I23)+SUMIF(N24,">0",N23) -> 100 | T23: =SUMIF(J24,">0",J23)+SUMIF(O24,">0",O23) -> 100
B24: 1 | C24: ='IAT-1'!C26 -> 951323243001 | D24: ='IAT-1'!D26 -> ABINAYA S | F24: ='IAT-1'!Q26 -> 100 | G24: ='IAT-1'!S26 -> 83.3 | H24: ='IAT-1'!U26 -> 11.1 | I24: ='IAT-1'!W26 -> 0 | J24: ='IAT-1'!Y26 -> 0 | K24: ='IAT-2'!Q26 -> 0 | L24: ='IAT-2'!S26 -> 0 | M24: ='IAT-2'!U26 -> 88.9 | N24: ='IAT-2'!W26 -> 33.3 | O24: ='IAT-2'!Y26 -> 52.2 | P24: =SUMIF(F25,">0",F24)+SUMIF(K25,">0",K24) -> 100 | Q24: =SUMIF(G25,">0",G24)+SUMIF(L25,">0",L24) -> 83.3 | R24: =AVERAGE(H24,M24) -> 50 | S24: =SUMIF(I25,">0",I24)+SUMIF(N25,">0",N24) -> 0 | T24: =SUMIF(J25,">0",J24)+SUMIF(O25,">0",O24) -> 0
B25: 2 | C25: ='IAT-1'!C27 -> 951323243002 | D25: ='IAT-1'!D27 -> ABISHEK S | F25: ='IAT-1'!Q27 -> 69.6 | G25: ='IAT-1'!S27 -> 50 | H25: ='IAT-1'!U27 -> 88.9 | I25: ='IAT-1'!W27 -> 0 | J25: ='IAT-1'!Y27 -> 0 | K25: ='IAT-2'!Q27 -> 0 | L25: ='IAT-2'!S27 -> 0 | M25: ='IAT-2'!U27 -> 0 | N25: ='IAT-2'!W27 -> 0 | O25: ='IAT-2'!Y27 -> 0 | P25: =SUMIF(F26,">0",F25)+SUMIF(K26,">0",K25) -> 69.6 | Q25: =SUMIF(G26,">0",G25)+SUMIF(L26,">0",L25) -> 50 | R25: =AVERAGE(H25,M25) -> 44.45 | S25: =SUMIF(I26,">0",I25)+SUMIF(N26,">0",N25) -> 0 | T25: =SUMIF(J26,">0",J25)+SUMIF(O26,">0",O25) -> 0
B26: 3 | C26: ='IAT-1'!C28 -> 951323243003 | D26: ='IAT-1'!D28 -> AJEETHA S | F26: ='IAT-1'!Q28 -> 91.3 | G26: ='IAT-1'!S28 -> 100 | H26: ='IAT-1'!U28 -> 100 | I26: ='IAT-1'!W28 -> 0 | J26: ='IAT-1'!Y28 -> 0 | K26: ='IAT-2'!Q28 -> 0 | L26: ='IAT-2'!S28 -> 0 | M26: ='IAT-2'!U28 -> 0 | N26: ='IAT-2'!W28 -> 0 | O26: ='IAT-2'!Y28 -> 0 | P26: =SUMIF(F27,">0",F26)+SUMIF(K27,">0",K26) -> 0 | Q26: =SUMIF(G27,">0",G26)+SUMIF(L27,">0",L26) -> 0 | R26: =AVERAGE(H26,M26) -> 50 | S26: =SUMIF(I27,">0",I26)+SUMIF(N27,">0",N26) -> 0 | T26: =SUMIF(J27,">0",J26)+SUMIF(O27,">0",O26) -> 0
B27: 4 | C27: ='IAT-1'!C29 -> 951323243004 | D27: ='IAT-1'!D29 -> AJIM FAYAZ K M S | F27: ='IAT-1'!Q29 -> 0 | G27: ='IAT-1'!S29 -> 0 | H27: ='IAT-1'!U29 -> 0 | I27: ='IAT-1'!W29 -> 0 | J27: ='IAT-1'!Y29 -> 0 | K27: ='IAT-2'!Q29 -> 0 | L27: ='IAT-2'!S29 -> 0 | M27: ='IAT-2'!U29 -> 22.2 | N27: ='IAT-2'!W29 -> 22.2 | O27: ='IAT-2'!Y29 -> 34.8 | P27: =SUMIF(F28,">0",F27)+SUMIF(K28,">0",K27) -> 0 | Q27: =SUMIF(G28,">0",G27)+SUMIF(L28,">0",L27) -> 0 | R27: =AVERAGE(H27,M27) -> 11.1 | S27: =SUMIF(I28,">0",I27)+SUMIF(N28,">0",N27) -> 22.2 | T27: =SUMIF(J28,">0",J27)+SUMIF(O28,">0",O27) -> 34.8
B28: 5 | C28: ='IAT-1'!C30 -> 951323243005 | D28: ='IAT-1'!D30 -> ALPHONES CRUZ NAVEEN J | F28: ='IAT-1'!Q30 -> 13 | G28: ='IAT-1'!S30 -> 0 | H28: ='IAT-1'!U30 -> 0 | I28: ='IAT-1'!W30 -> 0 | J28: ='IAT-1'!Y30 -> 0 | K28: ='IAT-2'!Q30 -> 0 | L28: ='IAT-2'!S30 -> 0 | M28: ='IAT-2'!U30 -> 77.8 | N28: ='IAT-2'!W30 -> 22.2 | O28: ='IAT-2'!Y30 -> 13 | P28: =SUMIF(F29,">0",F28)+SUMIF(K29,">0",K28) -> 13 | Q28: =SUMIF(G29,">0",G28)+SUMIF(L29,">0",L28) -> 0 | R28: =AVERAGE(H28,M28) -> 38.9 | S28: =SUMIF(I29,">0",I28)+SUMIF(N29,">0",N28) -> 22.2 | T28: =SUMIF(J29,">0",J28)+SUMIF(O29,">0",O28) -> 13
B29: 6 | C29: ='IAT-1'!C31 -> 951323243006 | D29: ='IAT-1'!D31 -> ANGEL AGNES D | F29: ='IAT-1'!Q31 -> 91.3 | G29: ='IAT-1'!S31 -> 100 | H29: ='IAT-1'!U31 -> 66.7 | I29: ='IAT-1'!W31 -> 0 | J29: ='IAT-1'!Y31 -> 0 | K29: ='IAT-2'!Q31 -> 0 | L29: ='IAT-2'!S31 -> 0 | M29: ='IAT-2'!U31 -> 100 | N29: ='IAT-2'!W31 -> 77.8 | O29: ='IAT-2'!Y31 -> 87 | P29: =SUMIF(F30,">0",F29)+SUMIF(K30,">0",K29) -> 91.3 | Q29: =SUMIF(G30,">0",G29)+SUMIF(L30,">0",L29) -> 100 | R29: =AVERAGE(H29,M29) -> 83.35 | S29: =SUMIF(I30,">0",I29)+SUMIF(N30,">0",N29) -> 77.8 | T29: =SUMIF(J30,">0",J29)+SUMIF(O30,">0",O29) -> 87
B30: 7 | C30: ='IAT-1'!C32 -> 951323243007 | D30: ='IAT-1'!D32 -> ANUSHA P | F30: ='IAT-1'!Q32 -> 100 | G30: ='IAT-1'!S32 -> 100 | H30: ='IAT-1'!U32 -> 100 | I30: ='IAT-1'!W32 -> 0 | J30: ='IAT-1'!Y32 -> 0 | K30: ='IAT-2'!Q32 -> 0 | L30: ='IAT-2'!S32 -> 0 | M30: ='IAT-2'!U32 -> 100 | N30: ='IAT-2'!W32 -> 94.4 | O30: ='IAT-2'!Y32 -> 100 | P30: =SUMIF(F31,">0",F30)+SUMIF(K31,">0",K30) -> 100 | Q30: =SUMIF(G31,">0",G30)+SUMIF(L31,">0",L30) -> 100 | R30: =AVERAGE(H30,M30) -> 100 | S30: =SUMIF(I31,">0",I30)+SUMIF(N31,">0",N30) -> 94.4 | T30: =SUMIF(J31,">0",J30)+SUMIF(O31,">0",O30) -> 100
B31: 8 | C31: ='IAT-1'!C33 -> 951323243008 | D31: ='IAT-1'!D33 -> ARIBA M | F31: ='IAT-1'!Q33 -> 69.6 | G31: ='IAT-1'!S33 -> 100 | H31: ='IAT-1'!U33 -> 88.9 | I31: ='IAT-1'!W33 -> 0 | J31: ='IAT-1'!Y33 -> 0 | K31: ='IAT-2'!Q33 -> 0 | L31: ='IAT-2'!S33 -> 0 | M31: ='IAT-2'!U33 -> 66.7 | N31: ='IAT-2'!W33 -> 38.9 | O31: ='IAT-2'!Y33 -> 91.3 | P31: =SUMIF(F32,">0",F31)+SUMIF(K32,">0",K31) -> 69.6 | Q31: =SUMIF(G32,">0",G31)+SUMIF(L32,">0",L31) -> 100 | R31: =AVERAGE(H31,M31) -> 77.8 | S31: =SUMIF(I32,">0",I31)+SUMIF(N32,">0",N31) -> 38.9 | T31: =SUMIF(J32,">0",J31)+SUMIF(O32,">0",O31) -> 91.3
B32: 9 | C32: ='IAT-1'!C34 -> 951323243009 | D32: ='IAT-1'!D34 -> BALADHARSHINI S | F32: ='IAT-1'!Q34 -> 91.3 | G32: ='IAT-1'!S34 -> 66.7 | H32: ='IAT-1'!U34 -> 88.9 | I32: ='IAT-1'!W34 -> 0 | J32: ='IAT-1'!Y34 -> 0 | K32: ='IAT-2'!Q34 -> 0 | L32: ='IAT-2'!S34 -> 0 | M32: ='IAT-2'!U34 -> 77.8 | N32: ='IAT-2'!W34 -> 83.3 | O32: ='IAT-2'!Y34 -> 87 | P32: =SUMIF(F33,">0",F32)+SUMIF(K33,">0",K32) -> 91.3 | Q32: =SUMIF(G33,">0",G32)+SUMIF(L33,">0",L32) -> 66.7 | R32: =AVERAGE(H32,M32) -> 83.35 | S32: =SUMIF(I33,">0",I32)+SUMIF(N33,">0",N32) -> 83.3 | T32: =SUMIF(J33,">0",J32)+SUMIF(O33,">0",O32) -> 87
B33: 10 | C33: ='IAT-1'!C35 -> 951323243010 | D33: ='IAT-1'!D35 -> BALASANKAR AYYAPPAN M | F33: ='IAT-1'!Q35 -> 95.7 | G33: ='IAT-1'!S35 -> 72.2 | H33: ='IAT-1'!U35 -> 88.9 | I33: ='IAT-1'!W35 -> 0 | J33: ='IAT-1'!Y35 -> 0 | K33: ='IAT-2'!Q35 -> 0 | L33: ='IAT-2'!S35 -> 0 | M33: ='IAT-2'!U35 -> 66.7 | N33: ='IAT-2'!W35 -> 61.1 | O33: ='IAT-2'!Y35 -> 95.7 | P33: =SUMIF(F34,">0",F33)+SUMIF(K34,">0",K33) -> 95.7 | Q33: =SUMIF(G34,">0",G33)+SUMIF(L34,">0",L33) -> 72.2 | R33: =AVERAGE(H33,M33) -> 77.8 | S33: =SUMIF(I34,">0",I33)+SUMIF(N34,">0",N33) -> 61.1 | T33: =SUMIF(J34,">0",J33)+SUMIF(O34,">0",O33) -> 95.7
B34: 11 | C34: ='IAT-1'!C36 -> 951323243011 | D34: ='IAT-1'!D36 -> BALA SRI RAM G | F34: ='IAT-1'!Q36 -> 4.3 | G34: ='IAT-1'!S36 -> 11.1 | H34: ='IAT-1'!U36 -> 0 | I34: ='IAT-1'!W36 -> 0 | J34: ='IAT-1'!Y36 -> 0 | K34: ='IAT-2'!Q36 -> 0 | L34: ='IAT-2'!S36 -> 0 | M34: ='IAT-2'!U36 -> 22.2 | N34: ='IAT-2'!W36 -> 16.7 | O34: ='IAT-2'!Y36 -> 60.9 | P34: =SUMIF(F35,">0",F34)+SUMIF(K35,">0",K34) -> 4.3 | Q34: =SUMIF(G35,">0",G34)+SUMIF(L35,">0",L34) -> 11.1 | R34: =AVERAGE(H34,M34) -> 11.1 | S34: =SUMIF(I35,">0",I34)+SUMIF(N35,">0",N34) -> 16.7 | T34: =SUMIF(J35,">0",J34)+SUMIF(O35,">0",O34) -> 60.9
B35: 12 | C35: ='IAT-1'!C37 -> 951323243012 | D35: ='IAT-1'!D37 -> BENJAMINE FRANKLIN C | F35: ='IAT-1'!Q37 -> 69.6 | G35: ='IAT-1'!S37 -> 61.1 | H35: ='IAT-1'!U37 -> 100 | I35: ='IAT-1'!W37 -> 0 | J35: ='IAT-1'!Y37 -> 0 | K35: ='IAT-2'!Q37 -> 0 | L35: ='IAT-2'!S37 -> 0 | M35: ='IAT-2'!U37 -> 22.2 | N35: ='IAT-2'!W37 -> 27.8 | O35: ='IAT-2'!Y37 -> 87 | P35: =SUMIF(F36,">0",F35)+SUMIF(K36,">0",K35) -> 69.6 | Q35: =SUMIF(G36,">0",G35)+SUMIF(L36,">0",L35) -> 61.1 | R35: =AVERAGE(H35,M35) -> 61.1 | S35: =SUMIF(I36,">0",I35)+SUMIF(N36,">0",N35) -> 27.8 | T35: =SUMIF(J36,">0",J35)+SUMIF(O36,">0",O35) -> 87
... B80: 57 | C80: ='IAT-1'!C82 -> 951323243060 | D80: ='IAT-1'!D82 -> VIJITHA BLESSY V | F80: ='IAT-1'!Q82 -> 47.8 | G80: ='IAT-1'!S82 -> 72.2 | H80: ='IAT-1'!U82 -> 33.3 | I80: ='IAT-1'!W82 -> 0 | J80: ='IAT-1'!Y82 -> 0 | K80: ='IAT-2'!Q82 -> 0 | L80: ='IAT-2'!S82 -> 0 | M80: ='IAT-2'!U82 -> 0 | N80: ='IAT-2'!W82 -> 0 | O80: ='IAT-2'!Y82 -> 0 | P80: =SUMIF(F81,">0",F80)+SUMIF(K81,">0",K80) -> 47.8 | Q80: =SUMIF(G81,">0",G80)+SUMIF(L81,">0",L80) -> 72.2 | R80: =AVERAGE(H80,M80) -> 16.65 | S80: =SUMIF(I81,">0",I80)+SUMIF(N81,">0",N80) -> 0 | T80: =SUMIF(J81,">0",J80)+SUMIF(O81,">0",O80) -> 0
E81: No. of students attained more than 50% of marks in the relevant CO | F81: =COUNTIF(F24:F80,">=50") -> 42 | G81: =COUNTIF(G24:G80,">=50") -> 38 | H81: =COUNTIF(H24:H80,">=50") -> 39 | I81: =COUNTIF(I24:I80,">=50") -> 0 | J81: =COUNTIF(J24:J80,">=50") -> 0 | K81: =COUNTIF(K24:K80,">=50") -> 0 | L81: =COUNTIF(L24:L80,">=50") -> 0 | M81: =COUNTIF(M24:M80,">=50") -> 36 | ... T81: =COUNTIF(T24:T80,">=50") -> 39
E82: Percentage of students obtained more than 50% marks in relevant CO | F82: =ROUND(IFERROR(F81/$U$9,0)*100,1) -> 73.7 | G82: =ROUND(IFERROR(G81/$U$9,0)*100,1) -> 66.7 | H82: =ROUND(IFERROR(H81/$U$9,0)*100,1) -> 68.4 | I82: =ROUND(IFERROR(I81/$U$9,0)*100,1) -> 0 | J82: =ROUND(IFERROR(J81/$U$9,0)*100,1) -> 0 | K82: =ROUND(IFERROR(K81/$U$9,0)*100,1) -> 0 | L82: =ROUND(IFERROR(L81/$U$9,0)*100,1) -> 0 | M82: =ROUND(IFERROR(M81/$U$9,0)*100,1) -> 63.2 | ... T82: =ROUND(IFERROR(T81/$U$9,0)*100,1) -> 68.4
A83: Correlation Level Achieved | F83: =IF(F82>=60,3,IF(F82>=50,2,IF(F82>=40,1,0))) -> 3 | G83: =IF(G82>=60,3,IF(G82>=50,2,IF(G82>=40,1,0))) -> 3 | H83: =IF(H82>=60,3,IF(H82>=50,2,IF(H82>=40,1,0))) -> 3 | I83: =IF(I82>=60,3,IF(I82>=50,2,IF(I82>=40,1,0))) -> 0 | J83: =IF(J82>=60,3,IF(J82>=50,2,IF(J82>=40,1,0))) -> 0 | K83: =IF(K82>=60,3,IF(K82>=50,2,IF(K82>=40,1,0))) -> 0 | L83: =IF(L82>=60,3,IF(L82>=50,2,IF(L82>=40,1,0))) -> 0 | M83: =IF(M82>=60,3,IF(M82>=50,2,IF(M82>=40,1,0))) -> 3 | ... T83: =IF(T82>=60,3,IF(T82>=50,2,IF(T82>=40,1,0))) -> 3

Sheet Sheet1

Sheet RUBRICS
A1: JAYARAJ ANNAPACKIAM C. S. I. COLLEGE OF ENGINEERING
A2: (Approved by AICTE, New Delhi and Affiliated to Anna University)
A3: MARGOSCHIS NAGAR, NAZARETH - 628 617
A4: ='BL-1'!A4 -> DEPARTMENT OF ARTIFICIAL INTELLIGENCE AND DATA SCIENCE
A5: RUBRICS
A8: ='IAT-REPORT'!A8 -> COURSE CODE / NAME: CW3551 DATA AND INFORMATION SECURITY | G8: ='BL-1'!I9 -> CLASS : III ADS | K8: ='BL-1'!I8 -> BATCH: 2023-2027 | O8: ='BL-1'!M8 -> SEM:05
A9: ='IAT-REPORT'!A9 -> COURSE INSTRUCTOR/DESIGNATION: G. ALISHA EVANGELINE,AP/ADS | F9: ='BL-1'!M9 -> DATE: | G9: ='BL-3'!M31 -> 45246 | J9: ='BL-1'!O9 -> TIME: | K9: 11:15-12:45 | N9: No. of Students in the Class: | U9: ='IAT-1'!$Z$9 -> 57
E11: Attainment Level | G11: Description | K11: Correlation Level
A12: ='[1]EDC IAT-1'!A12 -> Course Outcomes: | E12: 1 | G12: 60% and above students scoring more than 60% marks in the relevant CO | K12: Slight (1)
A13: ='BL-1'!A12 -> CO 1 | B13: ='BL-1'!B12 -> Understand the basics of data and information security | E13: 2 | G13: 70% and above students scoring more than 60% marks in the relevant CO | K13: Moderate (2)
A14: ='BL-1'!A13 -> CO 2 | B14: ='BL-1'!B13 -> Understand the legal, ethical and professional issues in information security | E14: 3 | G14: 80% and above students scoring more than 60% marks in the relevant CO | K14: Substantial (3)
A15: ='BL-1'!A14 -> CO 3 | B15: ='BL-1'!B14 -> Understand the various authentication schemes to simulate different applications
A16: ='BL-1'!A15 -> CO 4 | B16: ='BL-1'!B15 -> Understand various security practices and system security standards | J16: BLOOMS LEVEL:
A17: ='BL-1'!A16 -> CO 5 | B17: ='BL-1'!B16 -> Understand the web security protocols for E-commerce applications | J17: L1: REMEMBER | L17: L2: UNDERSTAND | N17: L3: APPLY | O17: L4: ANALYSE | P17: L5: EVALUATE | Q17: L6: CREATE
A19: S. No | B19: Reg. No. | C19: Name of the Student | D19: RUBRICS | E19: ASSIGNMENT | AD19: Content Beyond Syllabus Quiz(L1)
D20: COs | E20: CO1 | J20: CO3 | O20: CO4 | T20: CO4 | Y20: CO5
D21: BLOOMS LEVEL | E21: L6 | J21: L4 | O21: L6 | T21: L2 | Y21: L2
D22: DESCRIPTION | E22: CONTENTS | F22: PRESENTATION | G22: TIMELY SUBMISSION | H22: TOTAL | I22: TOTAL | J22: CONTENTS | K22: PRESENTATION | L22: TIMELY SUBMISSION | M22: TOTAL | N22: TOTAL | O22: CONTENTS | P22: PRESENTATION | Q22: TIMELY SUBMISSION | R22: TOTAL | S22: TOTAL | T22: CONTENTS | U22: PRESENTATION | V22: TIMELY SUBMISSION | W22: TOTAL | X22: TOTAL | Y22: CONTENTS | Z22: PRESENTATION | AA22: TIMELY SUBMISSION | AB22: TOTAL | AC22: TOTAL
D23: MARK | E23: 5 | F23: 2 | G23: 3 | H23: 10 | I23: 100 | J23: 5 | K23: 2 | L23: 3 | M23: 10 | N23: =I23 -> 100 | O23: 5 | P23: 2 | Q23: 3 | R23: 10 | S23: =N23 -> 100 | T23: 5 | U23: 2 | V23: 3 | W23: 10 | X23: =N23 -> 100 | Y23: 5 | Z23: 2 | AA23: 3 | AB23: 10 | AC23: =S23 -> 100 | AD23: =S23 -> 100
A24: 1 | B24: ='IAT-REPORT'!C24 -> 951323243001 | C24: ='IAT-REPORT'!D24 -> ABINAYA S | E24: 5 | F24: 2 | G24: 3 | H24: =SUM(E24:G24) -> 10 | I24: =10*H24 -> 100 | J24: 5 | K24: 2 | L24: 3 | M24: =SUM(J24:L24) -> 10 | N24: =10*M24 -> 100 | O24: 5 | P24: 2 | Q24: 3 | R24: =SUM(O24:Q24) -> 10 | S24: =10*R24 -> 100 | T24: 5 | U24: 2 | V24: 0 | W24: =SUM(T24:V24) -> 7 | X24: =10*W24 -> 70 | Y24: 5 | Z24: 2 | AA24: 0 | AB24: =SUM(Y24:AA24) -> 7 | AC24: =10*AB24 -> 70 | AD24: 100
A25: 2 | B25: ='IAT-REPORT'!C25 -> 951323243002 | C25: ='IAT-REPORT'!D25 -> ABISHEK S | E25: 5 | F25: 2 | G25: 3 | H25: =SUM(E25:G25) -> 10 | I25: =10*H25 -> 100 | J25: 5 | K25: 2 | L25: 3 | M25: =SUM(J25:L25) -> 10 | N25: =10*M25 -> 100 | O25: 5 | P25: 2 | Q25: 3 | R25: =SUM(O25:Q25) -> 10 | S25: =10*R25 -> 100 | T25: 5 | U25: 2 | V25: 0 | W25: =SUM(T25:V25) -> 7 | X25: =10*W25 -> 70 | Y25: 5 | Z25: 2 | AA25: 0 | AB25: =SUM(Y25:AA25) -> 7 | AC25: =10*AB25 -> 70 | AD25: 70
A26: 3 | B26: ='IAT-REPORT'!C26 -> 951323243003 | C26: ='IAT-REPORT'!D26 -> AJEETHA S | E26: 5 | F26: 2 | G26: 3 | H26: =SUM(E26:G26) -> 10 | I26: =10*H26 -> 100 | J26: 5 | K26: 2 | L26: 3 | M26: =SUM(J26:L26) -> 10 | N26: =10*M26 -> 100 | O26: 5 | P26: 2 | Q26: 3 | R26: =SUM(O26:Q26) -> 10 | S26: =10*R26 -> 100 | T26: 5 | U26: 2 | V26: 3 | W26: =SUM(T26:V26) -> 10 | X26: =10*W26 -> 100 | Y26: 5 | Z26: 2 | AA26: 3 | AB26: =SUM(Y26:AA26) -> 10 | AC26: =10*AB26 -> 100 | AD26: 80
A27: 4 | B27: ='IAT-REPORT'!C27 -> 951323243004 | C27: ='IAT-REPORT'!D27 -> AJIM FAYAZ K M S | E27: 5 | F27: 2 | G27: 0 | H27: =SUM(E27:G27) -> 7 | I27: =10*H27 -> 70 | J27: 5 | K27: 0 | L27: 0 | M27: =SUM(J27:L27) -> 5 | N27: =10*M27 -> 50 | O27: 5 | P27: 0 | Q27: 0 | R27: =SUM(O27:Q27) -> 5 | S27: =10*R27 -> 50 | T27: 5 | U27: 2 | V27: 3 | W27: =SUM(T27:V27) -> 10 | X27: =10*W27 -> 100 | Y27: 5 | Z27: 2 | AA27: 0 | AB27: =SUM(Y27:AA27) -> 7 | AC27: =10*AB27 -> 70 | AD27: 60
A28: 5 | B28: ='IAT-REPORT'!C28 -> 951323243005 | C28: ='IAT-REPORT'!D28 -> ALPHONES CRUZ NAVEEN J | E28: 5 | F28: 2 | G28: 0 | H28: =SUM(E28:G28) -> 7 | I28: =10*H28 -> 70 | J28: 5 | K28: 2 | L28: 3 | M28: =SUM(J28:L28) -> 10 | N28: =10*M28 -> 100 | O28: 5 | P28: 2 | Q28: 3 | R28: =SUM(O28:Q28) -> 10 | S28: =10*R28 -> 100 | T28: 5 | U28: 2 | V28: 1 | W28: =SUM(T28:V28) -> 8 | X28: =10*W28 -> 80 | Y28: 5 | Z28: 2 | AA28: 0 | AB28: =SUM(Y28:AA28) -> 7 | AC28: =10*AB28 -> 70 | AD28: 80
A29: 6 | B29: ='IAT-REPORT'!C29 -> 951323243006 | C29: ='IAT-REPORT'!D29 -> ANGEL AGNES D | E29: 5 | F29: 2 | G29: 3 | H29: =SUM(E29:G29) -> 10 | I29: =10*H29 -> 100 | J29: 5 | K29: 2 | L29: 3 | M29: =SUM(J29:L29) -> 10 | N29: =10*M29 -> 100 | O29: 5 | P29: 2 | Q29: 3 | R29: =SUM(O29:Q29) -> 10 | S29: =10*R29 -> 100 | T29: 5 | U29: 2 | V29: 3 | W29: =SUM(T29:V29) -> 10 | X29: =10*W29 -> 100 | Y29: 5 | Z29: 2 | AA29: 3 | AB29: =SUM(Y29:AA29) -> 10 | AC29: =10*AB29 -> 100 | AD29: 70
A30: 7 | B30: ='IAT-REPORT'!C30 -> 951323243007 | C30: ='IAT-REPORT'!D30 -> ANUSHA P | E30: 5 | F30: 2 | G30: 3 | H30: =SUM(E30:G30) -> 10 | I30: =10*H30 -> 100 | J30: 5 | K30: 2 | L30: 3 | M30: =SUM(J30:L30) -> 10 | N30: =10*M30 -> 100 | O30: 5 | P30: 2 | Q30: 3 | R30: =SUM(O30:Q30) -> 10 | S30: =10*R30 -> 100 | T30: 5 | U30: 2 | V30: 3 | W30: =SUM(T30:V30) -> 10 | X30: =10*W30 -> 100 | Y30: 5 | Z30: 2 | AA30: 3 | AB30: =SUM(Y30:AA30) -> 10 | AC30: =10*AB30 -> 100 | AD30: 60
A31: 8 | B31: ='IAT-REPORT'!C31 -> 951323243008 | C31: ='IAT-REPORT'!D31 -> ARIBA M | E31: 5 | F31: 2 | G31: 3 | H31: =SUM(E31:G31) -> 10 | I31: =10*H31 -> 100 | J31: 5 | K31: 2 | L31: 3 | M31: =SUM(J31:L31) -> 10 | N31: =10*M31 -> 100 | O31: 5 | P31: 2 | Q31: 3 | R31: =SUM(O31:Q31) -> 10 | S31: =10*R31 -> 100 | T31: 5 | U31: 2 | V31: 0 | W31: =SUM(T31:V31) -> 7 | X31: =10*W31 -> 70 | Y31: 5 | Z31: 2 | AA31: 0 | AB31: =SUM(Y31:AA31) -> 7 | AC31: =10*AB31 -> 70 | AD31: 80
A32: 9 | B32: ='IAT-REPORT'!C32 -> 951323243009 | C32: ='IAT-REPORT'!D32 -> BALADHARSHINI S | E32: 5 | F32: 2 | G32: 3 | H32: =SUM(E32:G32) -> 10 | I32: =10*H32 -> 100 | J32: 5 | K32: 2 | L32: 3 | M32: =SUM(J32:L32) -> 10 | N32: =10*M32 -> 100 | O32: 5 | P32: 2 | Q32: 3 | R32: =SUM(O32:Q32) -> 10 | S32: =10*R32 -> 100 | T32: 5 | U32: 2 | V32: 3 | W32: =SUM(T32:V32) -> 10 | X32: =10*W32 -> 100 | Y32: 5 | Z32: 2 | AA32: 3 | AB32: =SUM(Y32:AA32) -> 10 | AC32: =10*AB32 -> 100 | AD32: 60
A33: 10 | B33: ='IAT-REPORT'!C33 -> 951323243010 | C33: ='IAT-REPORT'!D33 -> BALASANKAR AYYAPPAN M | E33: 5 | F33: 2 | G33: 3 | H33: =SUM(E33:G33) -> 10 | I33: =10*H33 -> 100 | J33: 5 | K33: 2 | L33: 3 | M33: =SUM(J33:L33) -> 10 | N33: =10*M33 -> 100 | O33: 5 | P33: 2 | Q33: 3 | R33: =SUM(O33:Q33) -> 10 | S33: =10*R33 -> 100 | T33: 5 | U33: 2 | V33: 3 | W33: =SUM(T33:V33) -> 10 | X33: =10*W33 -> 100 | Y33: 5 | Z33: 2 | AA33: 0 | AB33: =SUM(Y33:AA33) -> 7 | AC33: =10*AB33 -> 70 | AD33: 70
A34: 11 | B34: ='IAT-REPORT'!C34 -> 951323243011 | C34: ='IAT-REPORT'!D34 -> BALA SRI RAM G | E34: 5 | F34: 2 | G34: 2 | H34: =SUM(E34:G34) -> 9 | I34: =10*H34 -> 90 | J34: 5 | K34: 2 | L34: 3 | M34: =SUM(J34:L34) -> 10 | N34: =10*M34 -> 100 | O34: 5 | P34: 2 | Q34: 3 | R34: =SUM(O34:Q34) -> 10 | S34: =10*R34 -> 100 | T34: 5 | U34: 2 | V34: 0 | W34: =SUM(T34:V34) -> 7 | X34: =10*W34 -> 70 | Y34: 5 | Z34: 2 | AA34: 0 | AB34: =SUM(Y34:AA34) -> 7 | AC34: =10*AB34 -> 70 | AD34: 60
A35: 12 | B35: ='IAT-REPORT'!C35 -> 951323243012 | C35: ='IAT-REPORT'!D35 -> BENJAMINE FRANKLIN C | E35: 5 | F35: 2 | G35: 3 | H35: =SUM(E35:G35) -> 10 | I35: =10*H35 -> 100 | J35: 5 | K35: 2 | L35: 3 | M35: =SUM(J35:L35) -> 10 | N35: =10*M35 -> 100 | O35: 5 | P35: 2 | Q35: 3 | R35: =SUM(O35:Q35) -> 10 | S35: =10*R35 -> 100 | T35: 5 | U35: 2 | V35: 3 | W35: =SUM(T35:V35) -> 10 | X35: =10*W35 -> 100 | Y35: 5 | Z35: 2 | AA35: 0 | AB35: =SUM(Y35:AA35) -> 7 | AC35: =10*AB35 -> 70 | AD35: 60
... A80: 57 | B80: ='IAT-REPORT'!C80 -> 951323243060 | C80: ='IAT-REPORT'!D80 -> VIJITHA BLESSY V | E80: 5 | F80: 2 | G80: 3 | H80: =SUM(E80:G80) -> 10 | I80: =10*H80 -> 100 | J80: 5 | K80: 2 | L80: 3 | M80: =SUM(J80:L80) -> 10 | N80: =10*M80 -> 100 | O80: 5 | P80: 2 | Q80: 3 | R80: =SUM(O80:Q80) -> 10 | S80: =10*R80 -> 100 | T80: 5 | U80: 2 | V80: 3 | W80: =SUM(T80:V80) -> 10 | X80: =10*W80 -> 100 | Y80: 5 | Z80: 2 | AA80: 0 | AB80: =SUM(Y80:AA80) -> 7 | AC80: =10*AB80 -> 70 | AD80: 100
A81: ='[1]IAT REPORT'!A70 -> No. of students attained more than 50% of marks in the relevant CO | I81: =COUNTIF(I24:I80,">=50") -> 57 | N81: =COUNTIF(N24:N80,">=50") -> 57 | S81: =COUNTIF(S24:S80,">=50") -> 57 | X81: =COUNTIF(X24:X80,">=50") -> 57 | AC81: =COUNTIF(AC24:AC80,">=50") -> 57 | AD81: =COUNTIF(AD24:AD80,">=50") -> 57
A82: Percentage of students more than 50% marks in the relevant CO | I82: =ROUND(I81/$U$9*100,1) -> 100 | N82: =ROUND(N81/$U$9*100,1) -> 100 | S82: =ROUND(S81/$U$9*100,1) -> 100 | X82: =ROUND(X81/$U$9*100,1) -> 100 | AC82: =ROUND(AC81/$U$9*100,1) -> 100 | AD82: =ROUND(AD81/$U$9*100,1) -> 100
A83: ='[1]IAT REPORT'!A72 -> Correlation Level | I83: =IF(I82>=80,3,IF(I82>=70,2,IF(I82>=60,1,0))) -> 3 | N83: =IF(N82>=80,3,IF(N82>=70,2,IF(N82>=60,1,0))) -> 3 | S83: =IF(S82>=80,3,IF(S82>=70,2,IF(S82>=60,1,0))) -> 3 | X83: =IF(X82>=80,3,IF(X82>=70,2,IF(X82>=60,1,0))) -> 3 | AC83: =IF(AC82>=80,3,IF(AC82>=70,2,IF(AC82>=60,1,0))) -> 3 | AD83: =IF(AD82>=80,3,IF(AD82>=70,2,IF(AD82>=60,1,0))) -> 3

Sheet UNIV
B1: JAYARAJ ANNAPACKIAM C. S. I. COLLEGE OF ENGINEERING
B2: (Approved by AICTE, New Delhi and Affiliated to Anna University)
B3: MARGOSCHIS NAGAR, NAZARETH - 628 617
B4: DEPARTMENT OF ELECTRONICS AND COMMUNICATION ENGINEERING
B5: CO ATTAINMENT
B6: UNIVERSITY EXAM
A8: ='BL-1'!A8:H8 -> COURSE CODE / NAME: CW3551 DATA AND INFORMATION SECURITY | G8: ='BL-1'!I9 -> CLASS : III ADS | K8: ='BL-1'!I8 -> BATCH: 2023-2027 | O8: ='BL-1'!M8 -> SEM:05
A9: ='BL-1'!A9:H9 -> COURSE INSTRUCTOR/DESIGNATION: G. ALISHA EVANGELINE,AP/ADS | N9: No. of Students in the Class: | S9: ='IAT-1'!Z9 -> 57
M11: Attainment Level | R11: Description
A12: ='BL-1'!A12 -> CO 1 | B12: ='BL-1'!B12 -> Understand the basics of data and information security | J12: 1 | K12: 60% and above students scoring more than 60% marks in the relevant CO | R12: Slight (1)
A13: ='BL-1'!A13 -> CO 2 | B13: ='BL-1'!B13 -> Understand the legal, ethical and professional issues in information security | J13: 2 | K13: 70% and above students scoring more than 60% marks in the relevant CO | R13: Moderate (2)
A14: ='BL-1'!A14 -> CO 3 | B14: ='BL-1'!B14 -> Understand the various authentication schemes to simulate different applications | J14: 3 | K14: 80% and above students scoring more than 60% marks in the relevant CO | R14: Substantial (3)
A15: ='BL-1'!A15 -> CO 4 | B15: ='BL-1'!B15 -> Understand various security practices and system security standards
A16: ='BL-1'!A16 -> CO 5 | B16: ='BL-1'!B16 -> Understand the web security protocols for E-commerce applications | J16: BLOOMS LEVEL:
J17: L1: REMEMBER | K17: L2: UNDERSTAND | M17: L3: APPLY | N17: L4: ANALYSE | O17: L5: EVALUATE | P17: L6: CREATE
B19: S. No | C19: Reg. No. | D19: Name of the Student | E19: UNIV | F19: WEIGHTAGE*10
E20: GRADE
B21: 1 | C21: ='IAT-1'!C26 -> 951323243001 | D21: ='IAT-1'!D26 -> ABINAYA S | E21: U | F21: =VLOOKUP(E21,$J$36:$K$45,2,FALSE)*10 -> 0
B22: 2 | C22: ='IAT-1'!C27 -> 951323243002 | D22: ='IAT-1'!D27 -> ABISHEK S | E22: B+ | F22: =VLOOKUP(E22,$J$36:$K$45,2,FALSE)*10 -> 70
B23: 3 | C23: ='IAT-1'!C28 -> 951323243003 | D23: ='IAT-1'!D28 -> AJEETHA S | E23: A | F23: =VLOOKUP(E23,$J$36:$K$45,2,FALSE)*10 -> 80
B24: 4 | C24: ='IAT-1'!C29 -> 951323243004 | D24: ='IAT-1'!D29 -> AJIM FAYAZ K M S | E24: U | F24: =VLOOKUP(E24,$J$36:$K$45,2,FALSE)*10 -> 0
B25: 5 | C25: ='IAT-1'!C30 -> 951323243005 | D25: ='IAT-1'!D30 -> ALPHONES CRUZ NAVEEN J | E25: B+ | F25: =VLOOKUP(E25,$J$36:$K$45,2,FALSE)*10 -> 70
B26: 6 | C26: ='IAT-1'!C31 -> 951323243006 | D26: ='IAT-1'!D31 -> ANGEL AGNES D | E26: A+ | F26: =VLOOKUP(E26,$J$36:$K$45,2,FALSE)*10 -> 90
B27: 7 | C27: ='IAT-1'!C32 -> 951323243007 | D27: ='IAT-1'!D32 -> ANUSHA P | E27: A+ | F27: =VLOOKUP(E27,$J$36:$K$45,2,FALSE)*10 -> 90
B28: 8 | C28: ='IAT-1'!C33 -> 951323243008 | D28: ='IAT-1'!D33 -> ARIBA M | E28: A | F28: =VLOOKUP(E28,$J$36:$K$45,2,FALSE)*10 -> 80
B29: 9 | C29: ='IAT-1'!C34 -> 951323243009 | D29: ='IAT-1'!D34 -> BALADHARSHINI S | E29: A+ | F29: =VLOOKUP(E29,$J$36:$K$45,2,FALSE)*10 -> 90
B30: 10 | C30: ='IAT-1'!C35 -> 951323243010 | D30: ='IAT-1'!D35 -> BALASANKAR AYYAPPAN M | E30: A | F30: =VLOOKUP(E30,$J$36:$K$45,2,FALSE)*10 -> 80
B31: 11 | C31: ='IAT-1'!C36 -> 951323243011 | D31: ='IAT-1'!D36 -> BALA SRI RAM G | E31: U | F31: =VLOOKUP(E31,$J$36:$K$45,2,FALSE)*10 -> 0
B32: 12 | C32: ='IAT-1'!C37 -> 951323243012 | D32: ='IAT-1'!D37 -> BENJAMINE FRANKLIN C | E32: B+ | F32: =VLOOKUP(E32,$J$36:$K$45,2,FALSE)*10 -> 70
... B35: 15 | C35: ='IAT-1'!C40 -> 951323243015 | D35: ='IAT-1'!D40 -> DEVI L | E35: A+ | F35: =VLOOKUP(E35,$J$36:$K$45,2,FALSE)*10 -> 90
B36: 16 | C36: ='IAT-1'!C41 -> 951323243016 | D36: ='IAT-1'!D41 -> DHARUN S | E36: A | F36: =VLOOKUP(E36,$J$36:$K$45,2,FALSE)*10 -> 80 | J36: U | K36: 0
B37: 17 | C37: ='IAT-1'!C42 -> 951323243017 | D37: ='IAT-1'!D42 -> EAKANTHALINGAM R | E37: B+ | F37: =VLOOKUP(E37,$J$36:$K$45,2,FALSE)*10 -> 70 | J37: RA | K37: 0
B38: 18 | C38: ='IAT-1'!C43 -> 951323243018 | D38: ='IAT-1'!D43 -> EFRIN THANASEKARAN J | E38: B+ | F38: =VLOOKUP(E38,$J$36:$K$45,2,FALSE)*10 -> 70 | J38: WH | K38: 0
B39: 19 | C39: ='IAT-1'!C44 -> 951323243019 | D39: ='IAT-1'!D44 -> GAYATHRI M | E39: A | F39: =VLOOKUP(E39,$J$36:$K$45,2,FALSE)*10 -> 80 | J39: C | K39: 5
B40: 20 | C40: ='IAT-1'!C45 -> 951323243020 | D40: ='IAT-1'!D45 -> GOKILA G | E40: B+ | F40: =VLOOKUP(E40,$J$36:$K$45,2,FALSE)*10 -> 70 | J40: B | K40: 6
B41: 21 | C41: ='IAT-1'!C46 -> 951323243021 | D41: ='IAT-1'!D46 -> GOWRI KRISHNAVENI N | E41: A | F41: =VLOOKUP(E41,$J$36:$K$45,2,FALSE)*10 -> 80 | J41: B+ | K41: 7
B42: 22 | C42: ='IAT-1'!C47 -> 951323243022 | D42: ='IAT-1'!D47 -> HEART BRIGHT MERCY S | E42: B+ | F42: =VLOOKUP(E42,$J$36:$K$45,2,FALSE)*10 -> 70 | J42: A | K42: 8
B43: 23 | C43: ='IAT-1'!C48 -> 951323243023 | D43: ='IAT-1'!D48 -> INFANT EBINESH R | E43: B | F43: =VLOOKUP(E43,$J$36:$K$45,2,FALSE)*10 -> 60 | J43: A+ | K43: 9
B44: 24 | C44: ='IAT-1'!C49 -> 951323243024 | D44: ='IAT-1'!D49 -> JAI SURYA N | E44: B+ | F44: =VLOOKUP(E44,$J$36:$K$45,2,FALSE)*10 -> 70 | J44: O | K44: 10
B45: 25 | C45: ='IAT-1'!C50 -> 951323243025 | D45: ='IAT-1'!D50 -> JANI ALICE THIRSA J | E45: B+ | F45: =VLOOKUP(E45,$J$36:$K$45,2,FALSE)*10 -> 70 | J45: UA | K45: 0
B46: 26 | C46: ='IAT-1'!C51 -> 951323243026 | D46: ='IAT-1'!D51 -> JEBA A | E46: A | F46: =VLOOKUP(E46,$J$36:$K$45,2,FALSE)*10 -> 80
B47: 27 | C47: ='IAT-1'!C52 -> 951323243027 | D47: ='IAT-1'!D52 -> JENIFER E | E47: A | F47: =VLOOKUP(E47,$J$36:$K$45,2,FALSE)*10 -> 80
B48: 28 | C48: ='IAT-1'!C53 -> 951323243028 | D48: ='IAT-1'!D53 -> JENITTA CATHERIN R | E48: B+ | F48: =VLOOKUP(E48,$J$36:$K$45,2,FALSE)*10 -> 70
B49: 29 | C49: ='IAT-1'!C54 -> 951323243029 | D49: ='IAT-1'!D54 -> JEYACHITHRA K | E49: A | F49: =VLOOKUP(E49,$J$36:$K$45,2,FALSE)*10 -> 80
B50: 30 | C50: ='IAT-1'!C55 -> 951323243030 | D50: ='IAT-1'!D55 -> JOSVA PRINCE R | E50: B+ | F50: =VLOOKUP(E50,$J$36:$K$45,2,FALSE)*10 -> 70
B51: 31 | C51: ='IAT-1'!C56 -> 951323243031 | D51: ='IAT-1'!D56 -> KALAI SELVAN VINOTH P | E51: B+ | F51: =VLOOKUP(E51,$J$36:$K$45,2,FALSE)*10 -> 70
B52: 32 | C52: ='IAT-1'!C57 -> 951323243032 | D52: ='IAT-1'!D57 -> LAKSHMANAN SARATHI S | E52: B+ | F52: =VLOOKUP(E52,$J$36:$K$45,2,FALSE)*10 -> 70
B53: 33 | C53: ='IAT-1'!C58 -> 951323243033 | D53: ='IAT-1'!D58 -> LIJO DURAISINGH V S | E53: B+ | F53: =VLOOKUP(E53,$J$36:$K$45,2,FALSE)*10 -> 70
B54: 34 | C54: ='IAT-1'!C59 -> 951323243034 | D54: ='IAT-1'!D59 -> LOVISAL JOY K | E54: B+ | F54: =VLOOKUP(E54,$J$36:$K$45,2,FALSE)*10 -> 70
B55: 35 | C55: ='IAT-1'!C60 -> 951323243035 | D55: ='IAT-1'!D60 -> MAGESH GOWRI S | E55: B+ | F55: =VLOOKUP(E55,$J$36:$K$45,2,FALSE)*10 -> 70
B56: 36 | C56: ='IAT-1'!C61 -> 951323243036 | D56: ='IAT-1'!D61 -> MARIMUTHU S | E56: B+ | F56: =VLOOKUP(E56,$J$36:$K$45,2,FALSE)*10 -> 70
B57: 37 | C57: ='IAT-1'!C62 -> 951323243037 | D57: ='IAT-1'!D62 -> MARIYA FATHIMA JEYARANI R | E57: B+ | F57: =VLOOKUP(E57,$J$36:$K$45,2,FALSE)*10 -> 70
... B77: 60 | C77: ='IAT-1'!C82 -> 951323243060 | D77: ='IAT-1'!D82 -> VIJITHA BLESSY V | E77: B+ | F77: =VLOOKUP(E77,$J$36:$K$45,2,FALSE)*10 -> 70
A78: No. of students attained more than 50% of marks in the relevant CO | F78: =COUNTIF(F21:F77,">=50") -> 49
A79: Percentage of students obtained more than 50% marks in relevant CO | F79: =ROUND(F78/$S$9*100,1) -> 86
A80: Correlation Level Achieved | F80: =IF(F79>=70,3,IF(F79>=50,2,IF(F79>=35,1,0))) -> 3

Sheet COURSE END SURVEY
B1: ='BL-1'!A1 -> JAYARAJ ANNAPACKIAM C. S. I. COLLEGE OF ENGINEERING
B2: ='BL-1'!A2 -> (Approved by AICTE, New Delhi and Affiliated to Anna University)
B3: ='BL-1'!A3 -> MARGOSCHIS NAGAR, NAZARETH - 628 617
B4: ='BL-1'!A4 -> DEPARTMENT OF ARTIFICIAL INTELLIGENCE AND DATA SCIENCE
B5: COURSE END SURVEY
B6: ='IAT-REPORT'!B7 -> ACADEMIC YEAR 2025-26 (ODD SEM)
A8: ='BL-1'!A8:H8 -> COURSE CODE / NAME: CW3551 DATA AND INFORMATION SECURITY | G8: ='BL-1'!I9 -> CLASS : III ADS | K8: ='BL-1'!I8 -> BATCH: 2023-2027 | O8: ='BL-1'!M8 -> SEM:05
A9: ='BL-1'!A9:H9 -> COURSE INSTRUCTOR/DESIGNATION: G. ALISHA EVANGELINE,AP/ADS | N9: No. of Students in the Class: | S9: ='IAT-1'!Z9 -> 57
A10: COURSE OUTCOMES:
N11: Description
A12: ='BL-1'!A12 -> CO 1 | B12: ='BL-1'!B12 -> Understand the basics of data and information security | H12: 1 | I12: 60% and above students scoring more than 60% marks in the relevant CO | N12: Slight (1)
A13: ='BL-1'!A13 -> CO 2 | B13: ='BL-1'!B13 -> Understand the legal, ethical and professional issues in information security | H13: 2 | I13: 70% and above students scoring more than 60% marks in the relevant CO | N13: Moderate (2)
A14: ='BL-1'!A14 -> CO 3 | B14: ='BL-1'!B14 -> Understand the various authentication schemes to simulate different applications | H14: 3 | I14: 80% and above students scoring more than 60% marks in the relevant CO | N14: Substantial (3)
A15: ='BL-1'!A15 -> CO 4 | B15: ='BL-1'!B15 -> Understand various security practices and system security standards
A16: ='BL-1'!A16 -> CO 5 | B16: ='BL-1'!B16 -> Understand the web security protocols for E-commerce applications
B19: S. No | C19: Reg. No. | D19: Name of the Student | E19: COURSE END SURVEY
E20: CO 1 | F20: CO 2 | G20: CO 3 | H20: CO 4 | I20: CO 5
B21: 1 | C21: ='IAT-1'!C26 -> 951323243001 | D21: ='IAT-1'!D26 -> ABINAYA S | E21: 4 | F21: 3 | G21: 4 | H21: 4 | I21: 4
B22: 2 | C22: ='IAT-1'!C27 -> 951323243002 | D22: ='IAT-1'!D27 -> ABISHEK S | E22: 4 | F22: 3 | G22: 4 | H22: 3 | I22: 4
B23: 3 | C23: ='IAT-1'!C28 -> 951323243003 | D23: ='IAT-1'!D28 -> AJEETHA S | E23: 4 | F23: 4 | G23: 4 | H23: 4 | I23: 4
B24: 4 | C24: ='IAT-1'!C29 -> 951323243004 | D24: ='IAT-1'!D29 -> AJIM FAYAZ K M S | E24: 3 | F24: 3 | G24: 4 | H24: 2 | I24: 4
B25: 5 | C25: ='IAT-1'!C30 -> 951323243005 | D25: ='IAT-1'!D30 -> ALPHONES CRUZ NAVEEN J | E25: 4 | F25: 3 | G25: 4 | H25: 3 | I25: 3
B26: 6 | C26: ='IAT-1'!C31 -> 951323243006 | D26: ='IAT-1'!D31 -> ANGEL AGNES D | E26: 4 | F26: 4 | G26: 4 | H26: 4 | I26: 4
B27: 7 | C27: ='IAT-1'!C32 -> 951323243007 | D27: ='IAT-1'!D32 -> ANUSHA P | E27: 4 | F27: 4 | G27: 4 | H27: 4 | I27: 4
B28: 8 | C28: ='IAT-1'!C33 -> 951323243008 | D28: ='IAT-1'!D33 -> ARIBA M | E28: 4 | F28: 3 | G28: 4 | H28: 3 | I28: 4
B29: 9 | C29: ='IAT-1'!C34 -> 951323243009 | D29: ='IAT-1'!D34 -> BALADHARSHINI S | E29: 4 | F29: 4 | G29: 4 | H29: 4 | I29: 4
B30: 10 | C30: ='IAT-1'!C35 -> 951323243010 | D30: ='IAT-1'!D35 -> BALASANKAR AYYAPPAN M | E30: 3 | F30: 4 | G30: 4 | H30: 3 | I30: 4
B31: 11 | C31: ='IAT-1'!C36 -> 951323243011 | D31: ='IAT-1'!D36 -> BALA SRI RAM G | E31: 3 | F31: 2 | G31: 4 | H31: 2 | I31: 4
B32: 12 | C32: ='IAT-1'!C37 -> 951323243012 | D32: ='IAT-1'!D37 -> BENJAMINE FRANKLIN C | E32: 3 | F32: 4 | G32: 3 | H32: 3 | I32: 4
... B77: 59 | C77: ='IAT-1'!C82 -> 951323243060 | D77: ='IAT-1'!D82 -> VIJITHA BLESSY V | E77: 4 | F77: 4 | G77: 4 | H77: 4 | I77: 4
A78: No. of students attained more than 50% of marks in the relevant CO | E78: =COUNTIF(E21:E77,">=2") -> 57 | F78: =COUNTIF(F21:F77,">=2") -> 57 | G78: =COUNTIF(G21:G77,">=2") -> 57 | H78: =COUNTIF(H21:H77,">=2") -> 57 | I78: =COUNTIF(I21:I77,">=2") -> 57
A79: Percentage of students obtained more than 50% marks in relevant CO | E79: =ROUND(E78/$S$9*100,1) -> 100 | F79: =ROUND(F78/$S$9*100,1) -> 100 | G79: =ROUND(G78/$S$9*100,1) -> 100 | H79: =ROUND(H78/$S$9*100,1) -> 100 | I79: =ROUND(I78/$S$9*100,1) -> 100
A80: Correlation Level Achieved | E80: =IF(E79>=80,3,IF(E79>=70,2,IF(E79>=60,1,0))) -> 3 | F80: =IF(F79>=80,3,IF(F79>=70,2,IF(F79>=60,1,0))) -> 3 | G80: =IF(G79>=80,3,IF(G79>=70,2,IF(G79>=60,1,0))) -> 3 | H80: =IF(H79>=80,3,IF(H79>=70,2,IF(H79>=60,1,0))) -> 3 | I80: =IF(I79>=80,3,IF(I79>=70,2,IF(I79>=60,1,0))) -> 3

Sheet OVERALL CO ATT
B1: ='BL-1'!A1 -> JAYARAJ ANNAPACKIAM C. S. I. COLLEGE OF ENGINEERING
B2: ='BL-1'!A2 -> (Approved by AICTE, New Delhi and Affiliated to Anna University)
B3: ='BL-1'!A3 -> MARGOSCHIS NAGAR, NAZARETH - 628 617
B4: ='BL-1'!A4 -> DEPARTMENT OF ARTIFICIAL INTELLIGENCE AND DATA SCIENCE
B5: OVERALL CO ATTAINMENT
B6: ='IAT-REPORT'!B7 -> ACADEMIC YEAR 2025-26 (ODD SEM)
A8: ='BL-1'!A8:H8 -> COURSE CODE / NAME: CW3551 DATA AND INFORMATION SECURITY | G8: ='BL-1'!I9 -> CLASS : III ADS | K8: ='BL-1'!I8 -> BATCH: 2023-2027 | P8: ='BL-1'!M8 -> SEM:05
A9: ='BL-1'!A9:H9 -> COURSE INSTRUCTOR/DESIGNATION: G. ALISHA EVANGELINE,AP/ADS | O9: No. of Students in the Class: | T9: ='IAT-1'!$Z$9 -> 57
A11: COURSE OUTCOMES: | I11: Attainment Level | Q11: Correlation Level
A12: ='BL-1'!A12 -> CO 1 | B12: ='BL-1'!B12 -> Understand the basics of data and information security | I12: 1 | N12: ='IAT-REPORT'!#REF! -> #REF! | Q12: Slight (1)
A13: ='BL-1'!A13 -> CO 2 | B13: ='BL-1'!B13 -> Understand the legal, ethical and professional issues in information security | I13: 2 | N13: ='IAT-REPORT'!#REF! -> #REF! | Q13: Moderate (2)
A14: ='BL-1'!A14 -> CO 3 | B14: ='BL-1'!B14 -> Understand the various authentication schemes to simulate different applications | I14: 3 | N14: ='IAT-REPORT'!#REF! -> #REF! | Q14: Substantial (3)
A15: ='BL-1'!A15 -> CO 4 | B15: ='BL-1'!B15 -> Understand various security practices and system security standards
A16: ='BL-1'!A16 -> CO 5 | B16: ='BL-1'!B16 -> Understand the web security protocols for E-commerce applications
A19: S. No | B19: Reg. No. | C19: Name of the Student | D19: Test | E19: TOTAL IAT ATTAINMENT | J19: RUBRICS | P19: UNIV | Q19: COURSE END SURVEY
Q20: CO 1 | R20: CO 2 | S20: CO 3 | T20: CO 4 | U20: CO 5
J21: Assignments | O21: Content Beyond Syllabus
D22: Cos | E22: CO 1 | F22: CO 2 | G22: CO 3 | H22: CO 4 | I22: CO 5 | J22: CO 1 | K22: CO 2 | L22: CO 3 | M22: CO 4 | N22: CO 5 | O22: CO 1
E23: 100 | F23: 100 | G23: 100 | H23: 100 | I23: 100 | J23: 100 | K23: 100 | L23: 100 | M23: 100 | N23: 100 | O23: 100 | P23: 100 | Q23: 100 | R23: 100 | S23: 100 | T23: 100 | U23: 100
A24: 1 | B24: ='IAT-1'!C26 -> 951323243001 | C24: ='IAT-1'!D26 -> ABINAYA S | E24: ='IAT-REPORT'!P24 -> 100 | F24: ='IAT-REPORT'!Q24 -> 83.3 | G24: ='IAT-REPORT'!R24 -> 50 | H24: ='IAT-REPORT'!S24 -> 0 | I24: ='IAT-REPORT'!T24 -> 0 | J24: =RUBRICS!I24 -> 100 | K24: =RUBRICS!N24 -> 100 | L24: =RUBRICS!S24 -> 100 | M24: =RUBRICS!X24 -> 70 | N24: =RUBRICS!AC24 -> 70 | O24: =RUBRICS!AD24 -> 100 | P24: =UNIV!F21 -> 0 | Q24: ='COURSE END SURVEY'!E21 -> 4 | R24: ='COURSE END SURVEY'!F21 -> 3 | S24: ='COURSE END SURVEY'!G21 -> 4 | T24: ='COURSE END SURVEY'!H21 -> 4 | U24: ='COURSE END SURVEY'!I21 -> 4
A25: 2 | B25: ='IAT-1'!C27 -> 951323243002 | C25: ='IAT-1'!D27 -> ABISHEK S | E25: ='IAT-REPORT'!P25 -> 69.6 | F25: ='IAT-REPORT'!Q25 -> 50 | G25: ='IAT-REPORT'!R25 -> 44.45 | H25: ='IAT-REPORT'!S25 -> 0 | I25: ='IAT-REPORT'!T25 -> 0 | J25: =RUBRICS!I25 -> 100 | K25: =RUBRICS!N25 -> 100 | L25: =RUBRICS!S25 -> 100 | M25: =RUBRICS!X25 -> 70 | N25: =RUBRICS!AC25 -> 70 | O25: =RUBRICS!AD25 -> 70 | P25: =UNIV!F22 -> 70 | Q25: ='COURSE END SURVEY'!E22 -> 4 | R25: ='COURSE END SURVEY'!F22 -> 3 | S25: ='COURSE END SURVEY'!G22 -> 4 | T25: ='COURSE END SURVEY'!H22 -> 3 | U25: ='COURSE END SURVEY'!I22 -> 4
A26: 3 | B26: ='IAT-1'!C28 -> 951323243003 | C26: ='IAT-1'!D28 -> AJEETHA S | E26: ='IAT-REPORT'!P26 -> 0 | F26: ='IAT-REPORT'!Q26 -> 0 | G26: ='IAT-REPORT'!R26 -> 50 | H26: ='IAT-REPORT'!S26 -> 0 | I26: ='IAT-REPORT'!T26 -> 0 | J26: =RUBRICS!I26 -> 100 | K26: =RUBRICS!N26 -> 100 | L26: =RUBRICS!S26 -> 100 | M26: =RUBRICS!X26 -> 100 | N26: =RUBRICS!AC26 -> 100 | O26: =RUBRICS!AD26 -> 80 | P26: =UNIV!F23 -> 80 | Q26: ='COURSE END SURVEY'!E23 -> 4 | R26: ='COURSE END SURVEY'!F23 -> 4 | S26: ='COURSE END SURVEY'!G23 -> 4 | T26: ='COURSE END SURVEY'!H23 -> 4 | U26: ='COURSE END SURVEY'!I23 -> 4
A27: 4 | B27: ='IAT-1'!C29 -> 951323243004 | C27: ='IAT-1'!D29 -> AJIM FAYAZ K M S | E27: ='IAT-REPORT'!P27 -> 0 | F27: ='IAT-REPORT'!Q27 -> 0 | G27: ='IAT-REPORT'!R27 -> 11.1 | H27: ='IAT-REPORT'!S27 -> 22.2 | I27: ='IAT-REPORT'!T27 -> 34.8 | J27: =RUBRICS!I27 -> 70 | K27: =RUBRICS!N27 -> 50 | L27: =RUBRICS!S27 -> 50 | M27: =RUBRICS!X27 -> 100 | N27: =RUBRICS!AC27 -> 70 | O27: =RUBRICS!AD27 -> 60 | P27: =UNIV!F24 -> 0 | Q27: ='COURSE END SURVEY'!E24 -> 3 | R27: ='COURSE END SURVEY'!F24 -> 3 | S27: ='COURSE END SURVEY'!G24 -> 4 | T27: ='COURSE END SURVEY'!H24 -> 2 | U27: ='COURSE END SURVEY'!I24 -> 4
A28: 5 | B28: ='IAT-1'!C30 -> 951323243005 | C28: ='IAT-1'!D30 -> ALPHONES CRUZ NAVEEN J | E28: ='IAT-REPORT'!P28 -> 13 | F28: ='IAT-REPORT'!Q28 -> 0 | G28: ='IAT-REPORT'!R28 -> 38.9 | H28: ='IAT-REPORT'!S28 -> 22.2 | I28: ='IAT-REPORT'!T28 -> 13 | J28: =RUBRICS!I28 -> 70 | K28: =RUBRICS!N28 -> 100 | L28: =RUBRICS!S28 -> 100 | M28: =RUBRICS!X28 -> 80 | N28: =RUBRICS!AC28 -> 70 | O28: =RUBRICS!AD28 -> 80 | P28: =UNIV!F25 -> 70 | Q28: ='COURSE END SURVEY'!E25 -> 4 | R28: ='COURSE END SURVEY'!F25 -> 3 | S28: ='COURSE END SURVEY'!G25 -> 4 | T28: ='COURSE END SURVEY'!H25 -> 3 | U28: ='COURSE END SURVEY'!I25 -> 3
A29: 6 | B29: ='IAT-1'!C31 -> 951323243006 | C29: ='IAT-1'!D31 -> ANGEL AGNES D | E29: ='IAT-REPORT'!P29 -> 91.3 | F29: ='IAT-REPORT'!Q29 -> 100 | G29: ='IAT-REPORT'!R29 -> 83.35 | H29: ='IAT-REPORT'!S29 -> 77.8 | I29: ='IAT-REPORT'!T29 -> 87 | J29: =RUBRICS!I29 -> 100 | K29: =RUBRICS!N29 -> 100 | L29: =RUBRICS!S29 -> 100 | M29: =RUBRICS!X29 -> 100 | N29: =RUBRICS!AC29 -> 100 | O29: =RUBRICS!AD29 -> 70 | P29: =UNIV!F26 -> 90 | Q29: ='COURSE END SURVEY'!E26 -> 4 | R29: ='COURSE END SURVEY'!F26 -> 4 | S29: ='COURSE END SURVEY'!G26 -> 4 | T29: ='COURSE END SURVEY'!H26 -> 4 | U29: ='COURSE END SURVEY'!I26 -> 4
A30: 7 | B30: ='IAT-1'!C32 -> 951323243007 | C30: ='IAT-1'!D32 -> ANUSHA P | E30: ='IAT-REPORT'!P30 -> 100 | F30: ='IAT-REPORT'!Q30 -> 100 | G30: ='IAT-REPORT'!R30 -> 100 | H30: ='IAT-REPORT'!S30 -> 94.4 | I30: ='IAT-REPORT'!T30 -> 100 | J30: =RUBRICS!I30 -> 100 | K30: =RUBRICS!N30 -> 100 | L30: =RUBRICS!S30 -> 100 | M30: =RUBRICS!X30 -> 100 | N30: =RUBRICS!AC30 -> 100 | O30: =RUBRICS!AD30 -> 60 | P30: =UNIV!F27 -> 90 | Q30: ='COURSE END SURVEY'!E27 -> 4 | R30: ='COURSE END SURVEY'!F27 -> 4 | S30: ='COURSE END SURVEY'!G27 -> 4 | T30: ='COURSE END SURVEY'!H27 -> 4 | U30: ='COURSE END SURVEY'!I27 -> 4
A31: 8 | B31: ='IAT-1'!C33 -> 951323243008 | C31: ='IAT-1'!D33 -> ARIBA M | E31: ='IAT-REPORT'!P31 -> 69.6 | F31: ='IAT-REPORT'!Q31 -> 100 | G31: ='IAT-REPORT'!R31 -> 77.8 | H31: ='IAT-REPORT'!S31 -> 38.9 | I31: ='IAT-REPORT'!T31 -> 91.3 | J31: =RUBRICS!I31 -> 100 | K31: =RUBRICS!N31 -> 100 | L31: =RUBRICS!S31 -> 100 | M31: =RUBRICS!X31 -> 70 | N31: =RUBRICS!AC31 -> 70 | O31: =RUBRICS!AD31 -> 80 | P31: =UNIV!F28 -> 80 | Q31: ='COURSE END SURVEY'!E28 -> 4 | R31: ='COURSE END SURVEY'!F28 -> 3 | S31: ='COURSE END SURVEY'!G28 -> 4 | T31: ='COURSE END SURVEY'!H28 -> 3 | U31: ='COURSE END SURVEY'!I28 -> 4
A32: 9 | B32: ='IAT-1'!C34 -> 951323243009 | C32: ='IAT-1'!D34 -> BALADHARSHINI S | E32: ='IAT-REPORT'!P32 -> 91.3 | F32: ='IAT-REPORT'!Q32 -> 66.7 | G32: ='IAT-REPORT'!R32 -> 83.35 | H32: ='IAT-REPORT'!S32 -> 83.3 | I32: ='IAT-REPORT'!T32 -> 87 | J32: =RUBRICS!I32 -> 100 | K32: =RUBRICS!N32 -> 100 | L32: =RUBRICS!S32 -> 100 | M32: =RUBRICS!X32 -> 100 | N32: =RUBRICS!AC32 -> 100 | O32: =RUBRICS!AD32 -> 60 | P32: =UNIV!F29 -> 90 | Q32: ='COURSE END SURVEY'!E29 -> 4 | R32: ='COURSE END SURVEY'!F29 -> 4 | S32: ='COURSE END SURVEY'!G29 -> 4 | T32: ='COURSE END SURVEY'!H29 -> 4 | U32: ='COURSE END SURVEY'!I29 -> 4
A33: 10 | B33: ='IAT-1'!C35 -> 951323243010 | C33: ='IAT-1'!D35 -> BALASANKAR AYYAPPAN M | E33: ='IAT-REPORT'!P33 -> 95.7 | F33: ='IAT-REPORT'!Q33 -> 72.2 | G33: ='IAT-REPORT'!R33 -> 77.8 | H33: ='IAT-REPORT'!S33 -> 61.1 | I33: ='IAT-REPORT'!T33 -> 95.7 | J33: =RUBRICS!I33 -> 100 | K33: =RUBRICS!N33 -> 100 | L33: =RUBRICS!S33 -> 100 | M33: =RUBRICS!X33 -> 100 | N33: =RUBRICS!AC33 -> 70 | O33: =RUBRICS!AD33 -> 70 | P33: =UNIV!F30 -> 80 | Q33: ='COURSE END SURVEY'!E30 -> 3 | R33: ='COURSE END SURVEY'!F30 -> 4 | S33: ='COURSE END SURVEY'!G30 -> 4 | T33: ='COURSE END SURVEY'!H30 -> 3 | U33: ='COURSE END SURVEY'!I30 -> 4
A34: 11 | B34: ='IAT-1'!C36 -> 951323243011 | C34: ='IAT-1'!D36 -> BALA SRI RAM G | E34: ='IAT-REPORT'!P34 -> 4.3 | F34: ='IAT-REPORT'!Q34 -> 11.1 | G34: ='IAT-REPORT'!R34 -> 11.1 | H34: ='IAT-REPORT'!S34 -> 16.7 | I34: ='IAT-REPORT'!T34 -> 60.9 | J34: =RUBRICS!I34 -> 90 | K34: =RUBRICS!N34 -> 100 | L34: =RUBRICS!S34 -> 100 | M34: =RUBRICS!X34 -> 70 | N34: =RUBRICS!AC34 -> 70 | O34: =RUBRICS!AD34 -> 60 | P34: =UNIV!F31 -> 0 | Q34: ='COURSE END SURVEY'!E31 -> 3 | R34: ='COURSE END SURVEY'!F31 -> 2 | S34: ='COURSE END SURVEY'!G31 -> 4 | T34: ='COURSE END SURVEY'!H31 -> 2 | U34: ='COURSE END SURVEY'!I31 -> 4
A35: 12 | B35: ='IAT-1'!C37 -> 951323243012 | C35: ='IAT-1'!D37 -> BENJAMINE FRANKLIN C | E35: ='IAT-REPORT'!P35 -> 69.6 | F35: ='IAT-REPORT'!Q35 -> 61.1 | G35: ='IAT-REPORT'!R35 -> 61.1 | H35: ='IAT-REPORT'!S35 -> 27.8 | I35: ='IAT-REPORT'!T35 -> 87 | J35: =RUBRICS!I35 -> 100 | K35: =RUBRICS!N35 -> 100 | L35: =RUBRICS!S35 -> 100 | M35: =RUBRICS!X35 -> 100 | N35: =RUBRICS!AC35 -> 70 | O35: =RUBRICS!AD35 -> 60 | P35: =UNIV!F32 -> 70 | Q35: ='COURSE END SURVEY'!E32 -> 3 | R35: ='COURSE END SURVEY'!F32 -> 4 | S35: ='COURSE END SURVEY'!G32 -> 3 | T35: ='COURSE END SURVEY'!H32 -> 3 | U35: ='COURSE END SURVEY'!I32 -> 4
... A80: 59 | B80: ='IAT-1'!C82 -> 951323243060 | C80: ='IAT-1'!D82 -> VIJITHA BLESSY V | E80: ='IAT-REPORT'!P80 -> 47.8 | F80: ='IAT-REPORT'!Q80 -> 72.2 | G80: ='IAT-REPORT'!R80 -> 16.65 | H80: ='IAT-REPORT'!S80 -> 0 | I80: ='IAT-REPORT'!T80 -> 0 | J80: =RUBRICS!I80 -> 100 | K80: =RUBRICS!N80 -> 100 | L80: =RUBRICS!S80 -> 100 | M80: =RUBRICS!X80 -> 100 | N80: =RUBRICS!AC80 -> 70 | O80: =RUBRICS!AD80 -> 100 | P80: =UNIV!F77 -> 70 | Q80: ='COURSE END SURVEY'!E77 -> 4 | R80: ='COURSE END SURVEY'!F77 -> 4 | S80: ='COURSE END SURVEY'!G77 -> 4 | T80: ='COURSE END SURVEY'!H77 -> 4 | U80: ='COURSE END SURVEY'!I77 -> 4
E81: ='IAT-REPORT'!P81 -> 36 | F81: ='IAT-REPORT'!Q81 -> 32 | G81: ='IAT-REPORT'!R81 -> 37 | H81: ='IAT-REPORT'!S81 -> 19 | I81: ='IAT-REPORT'!T81 -> 39 | J81: =RUBRICS!I81 -> 57 | K81: =RUBRICS!N81 -> 57 | L81: =RUBRICS!S81 -> 57 | M81: =RUBRICS!X81 -> 57 | N81: =RUBRICS!AC81 -> 57 | O81: =RUBRICS!AD81 -> 57 | P81: =UNIV!F78 -> 49 | Q81: ='COURSE END SURVEY'!E78 -> 57 | R81: ='COURSE END SURVEY'!F78 -> 57 | S81: ='COURSE END SURVEY'!G78 -> 57 | T81: ='COURSE END SURVEY'!H78 -> 57 | U81: ='COURSE END SURVEY'!I78 -> 57
D82: Percentage of students obtained more than 50% marks in relevant CO | E82: ='IAT-REPORT'!P82 -> 63.2 | F82: ='IAT-REPORT'!Q82 -> 56.1 | G82: ='IAT-REPORT'!R82 -> 64.9 | H82: ='IAT-REPORT'!S82 -> 33.3 | I82: ='IAT-REPORT'!T82 -> 68.4 | J82: =RUBRICS!I82 -> 100 | K82: =RUBRICS!N82 -> 100 | L82: =RUBRICS!S82 -> 100 | M82: =RUBRICS!X82 -> 100 | N82: =RUBRICS!AC82 -> 100 | O82: =RUBRICS!AD82 -> 100 | P82: =UNIV!F79 -> 86 | Q82: ='COURSE END SURVEY'!E79 -> 100 | R82: ='COURSE END SURVEY'!F79 -> 100 | S82: ='COURSE END SURVEY'!G79 -> 100 | T82: ='COURSE END SURVEY'!H79 -> 100 | U82: ='COURSE END SURVEY'!I79 -> 100
E83: ='IAT-REPORT'!P83 -> 3 | F83: ='IAT-REPORT'!Q83 -> 2 | G83: ='IAT-REPORT'!R83 -> 3 | H83: ='IAT-REPORT'!S83 -> 0 | I83: ='IAT-REPORT'!T83 -> 3 | J83: =RUBRICS!I83 -> 3 | K83: =RUBRICS!N83 -> 3 | L83: =RUBRICS!S83 -> 3 | M83: =RUBRICS!X83 -> 3 | N83: =RUBRICS!AC83 -> 3 | O83: =RUBRICS!AD83 -> 3 | P83: =UNIV!F80 -> 3 | Q83: ='COURSE END SURVEY'!E80 -> 3 | R83: ='COURSE END SURVEY'!F80 -> 3 | S83: ='COURSE END SURVEY'!G80 -> 3 | T83: ='COURSE END SURVEY'!H80 -> 3 | U83: ='COURSE END SURVEY'!I80 -> 3

Sheet END REPORT
A1: JAYARAJ ANNAPACKIAM C. S. I. COLLEGE OF ENGINEERING
A2: (Approved by AICTE, New Delhi and Affiliated to Anna University)
A3: MARGOSCHIS NAGAR, NAZARETH - 628 617
A4: ='BL-1'!A4 -> DEPARTMENT OF ARTIFICIAL INTELLIGENCE AND DATA SCIENCE
A5: END REPORT
A6: ='IAT-REPORT'!B7 -> ACADEMIC YEAR 2025-26 (ODD SEM)
A7: ='BL-1'!A8:H8 -> COURSE CODE / NAME: CW3551 DATA AND INFORMATION SECURITY | G7: ='BL-1'!I8 -> BATCH: 2023-2027
A8: ='BL-1'!A9:H9 -> COURSE INSTRUCTOR/DESIGNATION: G. ALISHA EVANGELINE,AP/ADS | G8: ='BL-1'!I9 -> CLASS : III ADS
A9: =UPPER('IAT-1'!O9) -> NO. OF STUDENTS IN THE CLASS: 57 | G9: ='BL-1'!M8 -> SEM:05
A11: ='[2]BL-1'!A12 -> COURSE OUTCOMES:
A12: ='BL-1'!A12 -> CO 1 | B12: ='BL-1'!B12 -> Understand the basics of data and information security
A13: ='BL-1'!A13 -> CO 2 | B13: ='BL-1'!B13 -> Understand the legal, ethical and professional issues in information security
A14: ='BL-1'!A14 -> CO 3 | B14: ='BL-1'!B14 -> Understand the various authentication schemes to simulate different applications
A15: ='BL-1'!A15 -> CO 4 | B15: ='BL-1'!B15 -> Understand various security practices and system security standards
A16: ='BL-1'!A16 -> CO 5 | B16: ='BL-1'!B16 -> Understand the web security protocols for E-commerce applications
B18: Final Analysis Report
B19: Assessment Mode | C19: IAT | D19: Rubrics | E19: End Sem | F19: Indirect | G19: Average CO Attainment Level
B20: ='[2]BL-1'!B22 -> CO 1 | C20: ='IAT-REPORT'!P83 -> 3 | D20: ='OVERALL CO ATT'!J83 -> 3 | E20: =UNIV!F80 -> 3 | F20: ='COURSE END SURVEY'!E80 -> 3 | G20: =AVERAGE(C20,D20,$E$20,F20) -> 3
B21: ='[2]BL-1'!B23 -> CO 2 | C21: ='IAT-REPORT'!Q83 -> 2 | D21: ='OVERALL CO ATT'!K83 -> 3 | F21: ='COURSE END SURVEY'!F80 -> 3 | G21: =AVERAGE(C21,D21,$E$20,F21) -> 2.75
B22: ='[2]BL-1'!B24 -> CO 3 | C22: ='IAT-REPORT'!R83 -> 3 | D22: ='OVERALL CO ATT'!L83 -> 3 | F22: ='COURSE END SURVEY'!G80 -> 3 | G22: =AVERAGE(C22,D22,$E$20,F22) -> 3
B23: ='[2]BL-1'!B25 -> CO 4 | C23: ='IAT-REPORT'!S83 -> 0 | D23: ='OVERALL CO ATT'!M83 -> 3 | F23: ='COURSE END SURVEY'!H80 -> 3 | G23: =AVERAGE(C23,D23,$E$20,F23) -> 2.25
B24: ='[2]BL-1'!B26 -> CO 5 | C24: ='IAT-REPORT'!T83 -> 3 | D24: ='OVERALL CO ATT'!N83 -> 3 | F24: ='COURSE END SURVEY'!I80 -> 3 | G24: =AVERAGE(C24,D24,$E$20,F24) -> 3
B25: Average | C25: =AVERAGE(C20:C24) -> 2.2 | D25: =AVERAGE(D20:D24) -> 3 | E25: =E20 -> 3 | F25: =AVERAGE(F20:F24) -> 3 | G25: =AVERAGE(C25,D25,$E$20,F25) -> 2.8
B26: Micro Analysis: | F26: Macro Analysis:
B27: 60% of IAT = | D27: =0.6*C25 -> 1.32 | F27: End Sem = | G27: =E25 -> 3
B28: 40% of Rubrics = | D28: =D25*0.4 -> 1.2
B29: Total 100% = | D29: =SUM(D27:D28) -> 2.52
B30: Direct Assesment: | E30: Overall CO Attainment:
B31: Micro Analysis 50% = | C31: =0.5*D29 -> 1.26 | E31: 80% of Direct Assessment = | G31: =C33*0.8 -> 2.208
B32: Macro Analysis 50% = | C32: =E25*0.5 -> 1.5 | E32: 20% of Indirect Assessment = | G32: =F25*0.2 -> 0.6
B33: Total 100% = | C33: =SUM(C31:C32) -> 2.76 | E33: Overall CO Attainment = | G33: =SUM(G31:G32) -> 2.808
B36: COURSE INCHARGE | D36: HOD | G36: PRINCIPAL
B39: PO and PSO Attainment using CO Attainment
B41: Mapping of PO & PSO with CO
B42: CO | C42: PO | O42: PSO
C43: PO1 | D43: PO2 | E43: PO3 | F43: PO4 | G43: PO5 | H43: PO6 | I43: PO7 | J43: PO8 | K43: PO9 | L43: PO10 | M43: PO11 | N43: PO12 | O43: PSO1 | P43: PSO2 | Q43: PSO3
B44: ='END REPORT'!B20 -> CO 1 | C44: 3 | D44: 1 | E44: 3 | F44: 3 | K44: 2 | L44: 3 | M44: 3 | N44: 1 | O44: 2 | P44: 1 | Q44: 1
B45: ='END REPORT'!B21 -> CO 2 | C45: 2 | D45: 2 | E45: 1 | F45: 1 | G45: 1 | K45: 2 | L45: 2 | M45: 3 | N45: 1 | O45: 3 | P45: 2 | Q45: 2
B46: ='END REPORT'!B22 -> CO 3 | C46: 2 | D46: 1 | E46: 2 | F46: 1 | K46: 2 | L46: 1 | M46: 1 | N46: 3 | O46: 1 | P46: 2 | Q46: 1
B47: ='END REPORT'!B23 -> CO 4 | C47: 2 | D47: 1 | E47: 2 | F47: 2 | K47: 3 | L47: 2 | M47: 1 | N47: 2 | O47: 1 | P47: 3 | Q47: 3
B48: ='END REPORT'!B24 -> CO 5 | C48: 3 | D48: 2 | E48: 2 | F48: 1 | G48: 1 | K48: 2 | L48: 2 | M48: 2 | N48: 2 | O48: 2 | P48: 2 | Q48: 1
B50: Average PO Target | C50: =IF(SUM(C44:C49)<>0,ROUND(AVERAGE(C44:C49),0),"") -> 2 | D50: =IF(SUM(D44:D49)<>0,ROUND(AVERAGE(D44:D49),0),"") -> 1 | E50: =IF(SUM(E44:E49)<>0,ROUND(AVERAGE(E44:E49),0),"") -> 2 | F50: =IF(SUM(F44:F49)<>0,ROUND(AVERAGE(F44:F49),0),"") -> 2 | G50: =IF(SUM(G44:G49)<>0,ROUND(AVERAGE(G44:G49),0),"") -> 1 | H50: =IF(SUM(H44:H48)<>0,ROUND(AVERAGE(H44:H48),0),"") | I50: =IF(SUM(I44:I48)<>0,ROUND(AVERAGE(I44:I48),0),"") | J50: =IF(SUM(J44:J49)<>0,ROUND(AVERAGE(J44:J49),0),"") | K50: =IF(SUM(K44:K49)<>0,ROUND(AVERAGE(K44:K49),0),"") -> 2 | L50: =IF(SUM(L44:L49)<>0,ROUND(AVERAGE(L44:L49),0),"") -> 2 | M50: =IF(SUM(M44:M48)<>0,ROUND(AVERAGE(M44:M48),0),"") -> 2 | N50: =IF(SUM(N44:N49)<>0,ROUND(AVERAGE(N44:N49),0),"") -> 2 | O50: =IF(SUM(O44:O48)<>0,ROUND(AVERAGE(O44:O48),0),"") -> 2 | P50: =IF(SUM(P44:P49)<>0,ROUND(AVERAGE(P44:P49),0),"") -> 2 | Q50: =IF(SUM(Q44:Q49)<>0,ROUND(AVERAGE(Q44:Q49),0),"") -> 2
B51: Achieved CO Vs PO | C51: =IF(C50=1,1*0.17*$G$33,IF(C50=2,2*0.33*$G$33,IF(C50=3,IF(3*0.5*$G$33>3,3,3*0.5*$G$33),""))) -> 1.85328 | D51: =IF(D50=1,1*0.17*$G$33,IF(D50=2,2*0.33*$G$33,IF(D50=3,IF(3*0.5*$G$33>3,3,3*0.5*$G$33),""))) -> 0.47736 | E51: =IF(E50=1,1*0.17*$G$33,IF(E50=2,2*0.33*$G$33,IF(E50=3,IF(3*0.5*$G$33>3,3,3*0.5*$G$33),""))) -> 1.85328 | F51: =IF(F50=1,1*0.17*$G$33,IF(F50=2,2*0.33*$G$33,IF(F50=3,IF(3*0.5*$G$33>3,3,3*0.5*$G$33),""))) -> 1.85328 | G51: =IF(G50=1,1*0.17*$G$33,IF(G50=2,2*0.33*$G$33,IF(G50=3,IF(3*0.5*$G$33>3,3,3*0.5*$G$33),""))) -> 0.47736 | H51: =IF(H50=1,1*0.17*$G$33,IF(H50=2,2*0.33*$G$33,IF(H50=3,IF(3*0.5*$G$33>3,3,3*0.5*$G$33),""))) | I51: =IF(I50=1,1*0.17*$G$33,IF(I50=2,2*0.33*$G$33,IF(I50=3,IF(3*0.5*$G$33>3,3,3*0.5*$G$33),""))) | J51: =IF(J50=1,1*0.17*$G$33,IF(J50=2,2*0.33*$G$33,IF(J50=3,IF(3*0.5*$G$33>3,3,3*0.5*$G$33),""))) | ... Q51: =IF(Q50=1,1*0.17*$G$33,IF(Q50=2,2*0.33*$G$33,IF(Q50=3,IF(3*0.5*$G$33>3,3,3*0.5*$G$33),""))) -> 1.85328
B54: COURSE IN-CHARGE | E54: HOD | G54: PRINCIPAL

Sheet final
C1: ='BL-1'!A1 -> JAYARAJ ANNAPACKIAM C. S. I. COLLEGE OF ENGINEERING
C2: ='BL-1'!A2 -> (Approved by AICTE, New Delhi and Affiliated to Anna University)
C3: ='BL-1'!A3 -> MARGOSCHIS NAGAR, NAZARETH - 628 617
C4: ='BL-1'!A4 -> DEPARTMENT OF ARTIFICIAL INTELLIGENCE AND DATA SCIENCE
G5: FINAL REPORT
G6: ACADEMIC YEAR 2025-26 (ODD SEM)
A8: ='BL-1'!A8:H8 -> COURSE CODE / NAME: CW3551 DATA AND INFORMATION SECURITY | G8: ='BL-1'!I9 -> CLASS : III ADS | K8: ='BL-1'!I8 -> BATCH: 2023-2027 | O8: ='BL-1'!M8 -> SEM:05
A9: ='BL-1'!A9:H9 -> COURSE INSTRUCTOR/DESIGNATION: G. ALISHA EVANGELINE,AP/ADS | N9: No. of Students in the Class: | S9: ='IAT-1'!$Z$9 -> 57
C10: COURSE OUTCOME ATTAINMENT | L10: PROGRAMME OUTCOME ATTAINMENT
B11: COURSE OUTCOMES:
A12: ='BL-1'!A12 -> CO 1 | B12: ='BL-1'!B12 -> Understand the basics of data and information security | C12: ='BL-1'!C12 -> 0 | D12: ='BL-1'!D12 -> 0 | E12: ='BL-1'!E12 -> 0 | F12: ='BL-1'!F12 -> 0 | G12: ='BL-1'!G12 -> 0 | H12: ='BL-1'!H12 -> 0 | I12: ='END REPORT'!G20 -> 3 | K12: Course | L12: PO1 | M12: PO2 | N12: PO3 | O12: PO4 | P12: PO5 | Q12: PO6 | R12: PO7 | S12: PO8 | T12: PO9 | U12: PO10 | V12: PO11 | W12: PO12 | X12: PSO1 | Y12: PSO2 | Z12: PSO3
A13: ='BL-1'!A13 -> CO 2 | B13: ='BL-1'!B13 -> Understand the legal, ethical and professional issues in information security | C13: ='BL-1'!C13 -> 0 | D13: ='BL-1'!D13 -> 0 | E13: ='BL-1'!E13 -> 0 | F13: ='BL-1'!F13 -> 0 | G13: ='BL-1'!G13 -> 0 | H13: ='BL-1'!H13 -> 0 | I13: ='END REPORT'!G21 -> 2.75 | K13: CO 1 | L13: ='END REPORT'!C44 -> 3 | M13: ='END REPORT'!D44 -> 1 | N13: ='END REPORT'!E44 -> 3 | O13: ='END REPORT'!F44 -> 3 | P13: ='END REPORT'!G44 -> 0 | Q13: ='END REPORT'!H44 -> 0 | R13: ='END REPORT'!I44 -> 0 | S13: ='END REPORT'!J44 -> 0 | ... Z13: ='END REPORT'!Q44 -> 1
A14: ='BL-1'!A14 -> CO 3 | B14: ='BL-1'!B14 -> Understand the various authentication schemes to simulate different applications | C14: ='BL-1'!C14 -> 0 | D14: ='BL-1'!D14 -> 0 | E14: ='BL-1'!E14 -> 0 | F14: ='BL-1'!F14 -> 0 | G14: ='BL-1'!G14 -> 0 | H14: ='BL-1'!H14 -> 0 | I14: ='END REPORT'!G22 -> 3 | K14: CO 2 | L14: ='END REPORT'!C45 -> 2 | M14: ='END REPORT'!D45 -> 2 | N14: ='END REPORT'!E45 -> 1 | O14: ='END REPORT'!F45 -> 1 | P14: ='END REPORT'!G45 -> 1 | Q14: ='END REPORT'!H45 -> 0 | R14: ='END REPORT'!I45 -> 0 | S14: ='END REPORT'!J45 -> 0 | ... Z14: ='END REPORT'!Q45 -> 2
A15: ='BL-1'!A15 -> CO 4 | B15: ='BL-1'!B15 -> Understand various security practices and system security standards | C15: ='BL-1'!C15 -> 0 | D15: ='BL-1'!D15 -> 0 | E15: ='BL-1'!E15 -> 0 | F15: ='BL-1'!F15 -> 0 | G15: ='BL-1'!G15 -> 0 | H15: ='BL-1'!H15 -> 0 | I15: ='END REPORT'!G23 -> 2.25 | K15: CO 3 | L15: ='END REPORT'!C46 -> 2 | M15: ='END REPORT'!D46 -> 1 | N15: ='END REPORT'!E46 -> 2 | O15: ='END REPORT'!F46 -> 1 | P15: ='END REPORT'!G46 -> 0 | Q15: ='END REPORT'!H46 -> 0 | R15: ='END REPORT'!I46 -> 0 | S15: ='END REPORT'!J46 -> 0 | ... Z15: ='END REPORT'!Q46 -> 1
A16: ='BL-1'!A16 -> CO 5 | B16: ='BL-1'!B16 -> Understand the web security protocols for E-commerce applications | C16: ='BL-1'!C16 -> 0 | D16: ='BL-1'!D16 -> 0 | E16: ='BL-1'!E16 -> 0 | F16: ='BL-1'!F16 -> 0 | G16: ='BL-1'!G16 -> 0 | H16: ='BL-1'!H16 -> 0 | I16: ='END REPORT'!G24 -> 3 | K16: CO 4 | L16: ='END REPORT'!C47 -> 2 | M16: ='END REPORT'!D47 -> 1 | N16: ='END REPORT'!E47 -> 2 | O16: ='END REPORT'!F47 -> 2 | P16: ='END REPORT'!G47 -> 0 | Q16: ='END REPORT'!H47 -> 0 | R16: ='END REPORT'!I47 -> 0 | S16: ='END REPORT'!J47 -> 0 | ... Z16: ='END REPORT'!Q47 -> 3
G17: Overall Course Outcome Attainment | I17: ='END REPORT'!G25 -> 2.8 | K17: CO 5 | L17: ='END REPORT'!C48 -> 3 | M17: ='END REPORT'!D48 -> 2 | N17: ='END REPORT'!E48 -> 2 | O17: ='END REPORT'!F48 -> 1 | P17: ='END REPORT'!G48 -> 1 | Q17: ='END REPORT'!H48 -> 0 | R17: ='END REPORT'!I48 -> 0 | S17: ='END REPORT'!J48 -> 0 | ... Z17: ='END REPORT'!Q48 -> 1
K18: PO Attainment | L18: =IF(AND(L13="",L14="",L15="",L16="",L17=""),"",AVERAGE(L13:L17)) -> 2.4 | M18: =IF(AND(M13="",M14="",M15="",M16="",M17=""),"",AVERAGE(M13:M17)) -> 1.4 | N18: =IF(AND(N13="",N14="",N15="",N16="",N17=""),"",AVERAGE(N13:N17)) -> 2 | O18: =IF(AND(O13="",O14="",O15="",O16="",O17=""),"",AVERAGE(O13:O17)) -> 1.6 | P18: =IF(AND(P13="",P14="",P15="",P16="",P17=""),"",AVERAGE(P13:P17)) -> 0.4 | Q18: =IF(AND(Q13="",Q14="",Q15="",Q16="",Q17=""),"",AVERAGE(Q13:Q17)) -> 0 | R18: =IF(AND(R13="",R14="",R15="",R16="",R17=""),"",AVERAGE(R13:R17)) -> 0 | S18: =IF(AND(S13="",S14="",S15="",S16="",S17=""),"",AVERAGE(S13:S17)) -> 0 | ... Z18: =IF(AND(Z13="",Z14="",Z15="",Z16="",Z17=""),"",AVERAGE(Z13:Z17)) -> 1.6
K19: CO Vs PO | L19: ='END REPORT'!C51 -> 1.85328 | M19: ='END REPORT'!D51 -> 0.47736 | N19: ='END REPORT'!E51 -> 1.85328 | O19: ='END REPORT'!F51 -> 1.85328 | P19: ='END REPORT'!G51 -> 0.47736 | Q19: ='END REPORT'!H51 | R19: ='END REPORT'!I51 | S19: ='END REPORT'!J51 | ... Z19: ='END REPORT'!Q51 -> 1.85328
L50: Staff In-Charge | Q50: HOD
C51: Staff In-Charge | G51: HOD

Sheet CURR.GAP
B1: =final!C1 -> JAYARAJ ANNAPACKIAM C. S. I. COLLEGE OF ENGINEERING
B2: =final!C2 -> (Approved by AICTE, New Delhi and Affiliated to Anna University)
B3: =final!C3 -> MARGOSCHIS NAGAR, NAZARETH - 628 617
B4: =final!C4 -> DEPARTMENT OF ARTIFICIAL INTELLIGENCE AND DATA SCIENCE
B5: CURRICULUM GAP
B6: =final!G6 -> ACADEMIC YEAR 2025-26 (ODD SEM)
A8: ='BL-1'!A8:H8 -> COURSE CODE / NAME: CW3551 DATA AND INFORMATION SECURITY | G8: ='BL-1'!I9 -> CLASS : III ADS | K8: ='BL-1'!I8 -> BATCH: 2023-2027 | O8: ='BL-1'!M8 -> SEM:05
A9: ='BL-1'!A9:H9 -> COURSE INSTRUCTOR/DESIGNATION: G. ALISHA EVANGELINE,AP/ADS | N9: No. of Students in the Class: | S9: ='IAT-1'!$Z$9 -> 57
A13: S. No | B13: PO | C13: PO Description | D13: Attained Level | F13: Suggestions for filling the Curriculum Gap
D14: Targetted | E14: Obtained
A15: a | B15: PO1 | C15: Engineering knowledge: Apply the knowledge of mathematics, science, engineering fundamentals, and an engineering specialization to the solution of complex engineering problems. | E15: =HLOOKUP(B15,final!$L$12:$Z$20,8,0) -> 1.85328
A16: b | B16: PO2 | C16: Problem analysis: Identify, formulate, review research literature, and analyze complex engineering problems reaching substantiated conclusions using first principles of mathematics, natural sciences, and engineering sciences. | E16: =HLOOKUP(B16,final!$L$12:$Z$20,8,0) -> 0.47736
A17: c | B17: PO3 | C17: Design/development of solutions: Design solutions for complex engineering problems and design system components or processes that meet the specified needs with appropriate consideration for the public health and safety, and the cultural, societal, and environmental considerations. | E17: =HLOOKUP(B17,final!$L$12:$Z$20,8,0) -> 1.85328
A18: d | B18: PO4 | C18: Conduct investigations of complex problems: Use research-based knowledge and research methods including design of experiments, analysis and interpretation of data, and synthesis of the information to provide valid conclusions. | E18: =HLOOKUP(B18,final!$L$12:$Z$20,8,0) -> 1.85328
A19: e | B19: PO5 | C19: Modern tool usage: Create, select, and apply appropriate techniques, resources, and modern engineering and IT tools including prediction and modeling to complex engineering activities with an understanding of the limitations. | E19: =HLOOKUP(B19,final!$L$12:$Z$20,8,0) -> 0.47736
A20: f | B20: PO6 | C20: The engineer and society: Apply reasoning informed by the contextual knowledge to assess societal, health, safety, legal and cultural issues and the consequent responsibilities relevant to the professional engineering practice. | E20: =HLOOKUP(B20,final!$L$12:$Z$20,8,0)
A21: g | B21: PO7 | C21: Environment and sustainability: Understand the impact of the professional engineering solutions in societal and environmental contexts, and demonstrate the knowledge of, and need for sustainable development. | E21: =HLOOKUP(B21,final!$L$12:$Z$20,8,0)
A22: h | B22: PO8 | C22: Ethics: Apply ethical principles and commit to professional ethics and responsibilities and norms of the engineering practice. | E22: =HLOOKUP(B22,final!$L$12:$Z$20,8,0)
A23: i | B23: PO9 | C23: Individual and team work: Function effectively as an individual, and as a member or leader in diverse teams, and in multidisciplinary settings. | E23: =HLOOKUP(B23,final!$L$12:$Z$20,8,0) -> 1.85328
A24: j | B24: PO10 | C24: Communication: Communicate effectively on complex engineering activities with the engineering community and with society at large, such as, being able to comprehend and write effective reports and design documentation, make effective presentations, and give and receive clear instructions. | E24: =HLOOKUP(B24,final!$L$12:$Z$20,8,0) -> 1.85328
A25: k | B25: PO11 | C25: Project management and finance: Demonstrate knowledge and understanding of the engineering and management principles and apply these to one’s own work, as a member and leader in a team, to manage projects and in multidisciplinary environments. | E25: =HLOOKUP(B25,final!$L$12:$Z$20,8,0) -> 1.85328
A26: l | B26: PO12 | C26: Life-long learning: Recognize the need for, and have the preparation and ability to engage in independent and life-long learning in the broadest context of technological change. | E26: =HLOOKUP(B26,final!$L$12:$Z$20,8,0) -> 1.85328
A27: 1 | B27: PSO1 | C27: Evolve AI based efficient domain specific processes for effective decision making in several domains such as business and governance domain. | E27: =HLOOKUP(B27,final!$L$12:$Z$20,8,0) -> 1.85328
A28: 2 | B28: PSO1 | C28: Arrive at actionable €foresight, €insight,hindsight from data for solving business and engineering problems.
A29: 3 | B29: PSO1 | C29: Create, select and apply the theoritical knowledge of AI and Data Analytics along with practical industrial tools and techniques to manage and solve wicked societal problems.
A30: 4 | B30: PSO2 | C30: Capable of developing data analytics and data visualization skills, skills pertaining to knowledge engineering, and hence capable of coordinating complex projects. | E30: =HLOOKUP(B28,final!$L$12:$Z$20,8,0) -> 1.85328
A31: 5 | B31: PSO3 | C31: Able to carru out fundamental research to cater the critical needs of the society through cutting edgee technologies of AI. | E31: =HLOOKUP(B29,final!$L$12:$Z$20,8,0) -> 1.85328
B38: Staff In-Charge | F38: HOD
